diabetes_prevalence,MEDHHINC_2018,PCTPOVALL_2018,Percent of adults with a bachelor's degree or higher 2014-18,Unemployment_rate_2018,Active Physicians per 100000 Population 2018 (AAMC)
12.9,59338,13.8,27.7,3.6,217.1
12.0,57588,9.8,31.3,3.6,217.1
19.7,34382,30.9,12.2,5.2,217.1
14.1,46064,21.8,11.5,4.0,217.1
13.5,50412,13.2,12.6,3.5,217.1
20.6,29267,42.5,13.3,4.7,217.1
18.6,37365,24.5,16.1,4.8,217.1
14.7,45400,19.5,18.0,4.7,217.1
17.5,39917,18.7,13.2,3.9,217.1
15.9,42132,16.3,12.9,3.6,217.1
15.2,47547,17.3,14.2,3.6,217.1
19.2,39907,22.1,13.0,5.5,217.1
19.1,40741,22.8,12.6,7.5,217.1
16.4,39201,17.6,10.2,3.9,217.1
14.4,46495,16.0,13.7,4.2,217.1
14.1,55122,13.8,23.4,3.9,217.1
14.8,49055,13.8,18.7,4.6,217.1
20.5,32613,24.4,10.7,5.2,217.1
18.6,42423,18.9,11.6,4.2,217.1
15.8,40203,19.9,14.9,4.6,217.1
16.4,39057,19.5,15.6,4.1,217.1
13.7,45796,14.5,13.7,3.3,217.1
14.4,45309,16.2,17.0,4.2,217.1
21.1,34035,31.4,15.1,6.5,217.1
15.6,39491,21.3,12.7,3.8,217.1
12.7,60367,11.2,24.5,3.4,217.1
17.3,38418,23.6,12.7,4.6,217.1
15.2,44903,17.5,17.7,4.1,217.1
15.5,39254,23.5,12.9,4.1,217.1
14.8,39388,19.2,12.9,3.7,217.1
16.7,37823,21.3,11.1,3.9,217.1
25.6,28524,30.1,10.1,6.7,217.1
20.0,34724,25.6,14.1,5.1,217.1
16.6,46027,17.9,18.0,4.4,217.1
16.1,47993,16.5,21.0,4.0,217.1
15.4,41929,19.7,14.2,4.1,217.1
13.5,55013,16.1,32.4,3.7,217.1
16.8,40936,17.4,12.5,3.8,217.1
13.2,48707,14.0,23.9,4.2,217.1
15.3,43909,19.3,11.7,4.2,217.1
11.2,48937,19.0,34.1,3.6,217.1
13.1,64863,11.4,25.5,3.5,217.1
22.3,33973,25.1,14.1,7.3,217.1
19.8,32495,30.2,20.7,5.5,217.1
12.2,63755,11.9,41.7,3.5,217.1
19.0,37733,24.0,15.4,5.0,217.1
15.1,37887,20.2,13.1,4.1,217.1
14.5,46233,18.3,19.2,3.4,217.1
14.4,43598,20.8,22.9,4.7,217.1
19.6,39556,21.9,14.1,6.2,217.1
15.9,49640,20.1,32.1,4.0,217.1
13.7,52797,13.2,21.7,3.5,217.1
22.7,26814,35.3,15.7,6.5,217.1
18.0,37586,23.1,13.5,4.6,217.1
13.4,37259,23.6,23.6,4.5,217.1
16.1,40546,19.7,14.9,4.0,217.1
15.6,39104,21.7,16.5,4.0,217.1
13.0,57284,12.0,16.5,3.5,217.1
10.6,75663,8.0,42.1,2.9,217.1
18.9,27859,34.7,21.8,5.9,217.1
16.6,41630,19.3,14.3,4.3,217.1
16.7,42205,19.7,18.3,4.2,217.1
12.0,52557,16.8,30.3,3.7,217.1
14.9,45434,17.9,11.6,4.2,217.1
17.3,44424,17.6,11.1,5.8,217.1
21.8,25385,33.4,12.5,9.6,217.1
15.7,41156,18.6,13.5,4.2,217.1
11.2,82633,10.0,16.4,3.5,276.9
8.9,82113,9.5,35.3,5.5,276.9
15.8,44304,32.7,12.3,12.8,276.9
11.7,77257,11.2,22.3,6.3,276.9
9.4,75477,6.9,43.5,7.8,276.9
14.0,54524,22.0,19.3,8.2,276.9
7.7,74268,8.6,32.6,5.8,276.9
10.9,58943,10.5,37.4,9.5,276.9
14.8,51188,17.2,23.4,12.6,276.9
8.4,79173,7.3,39.5,4.4,276.9
10.7,65439,12.4,23.3,7.7,276.9
10.6,68309,9.1,24.5,6.0,276.9
9.5,74109,8.2,26.0,5.8,276.9
18.2,32728,35.1,4.8,19.9,276.9
14.5,49403,18.2,15.8,11.6,276.9
8.9,74649,10.4,21.2,7.6,276.9
13.8,55318,22.0,14.6,11.6,276.9
11.2,89276,11.1,16.6,7.0,276.9
14.9,59337,21.1,11.7,14.2,276.9
10.9,66075,7.2,27.6,8.7,276.9
14.2,49356,16.5,17.6,10.9,276.9
9.7,71825,7.7,32.6,4.2,276.9
7.9,74635,4.3,33.7,9.8,276.9
10.9,63527,13.4,19.1,9.6,276.9
13.1,57832,11.6,20.7,7.0,276.9
14.3,59523,13.1,20.0,8.2,276.9
17.1,38912,23.7,13.4,15.3,276.9
17.0,33652,37.3,11.7,10.1,242.0
11.7,49164,15.1,23.0,5.6,242.0
8.5,60187,15.9,35.6,5.5,242.0
14.2,43585,20.4,18.5,5.9,242.0
11.5,50157,20.2,15.3,5.1,242.0
10.9,65818,10.5,11.9,4.3,242.0
17.7,37350,23.7,12.4,6.2,242.0
9.6,65234,12.3,32.0,4.1,242.0
14.2,45129,16.8,12.9,5.8,242.0
15.2,40650,28.5,15.8,7.8,242.0
10.8,53395,16.2,31.9,4.5,242.0
13.5,58848,12.9,19.0,5.0,242.0
16.0,40545,24.4,21.0,9.3,242.0
11.8,48758,13.2,25.2,4.5,242.0
13.0,44116,19.5,14.8,17.0,242.0
15.5,43887,17.9,15.5,3.4,207.6
16.4,41127,19.6,13.2,5.5,207.6
14.5,39686,15.1,18.3,4.1,207.6
10.3,68978,8.6,32.4,2.9,207.6
13.0,44482,14.8,16.0,3.5,207.6
16.3,37729,21.7,15.2,4.5,207.6
15.8,44969,15.7,12.1,3.9,207.6
13.9,45023,16.1,20.4,3.2,207.6
19.1,31787,31.4,14.7,6.9,207.6
11.8,45408,19.9,27.6,3.8,207.6
14.6,37687,20.7,11.6,4.4,207.6
14.6,44902,14.6,14.9,4.5,207.6
14.9,47600,15.5,16.2,3.9,207.6
14.5,40909,22.4,20.6,4.8,207.6
14.3,44565,17.9,16.0,4.4,207.6
11.5,45615,17.9,26.3,3.1,207.6
12.7,47363,16.0,15.3,3.6,207.6
15.8,42606,19.2,18.0,4.3,207.6
15.2,41214,18.0,15.4,4.2,207.6
17.9,37259,21.3,13.7,4.4,207.6
19.3,36132,24.3,12.4,4.5,207.6
13.9,42494,19.5,20.6,5.0,207.6
10.4,53882,15.4,30.0,3.3,207.6
14.4,43696,18.3,11.8,3.6,207.6
16.4,35630,20.6,11.8,4.0,207.6
14.1,43610,20.4,20.2,4.0,207.6
11.8,52050,13.1,18.3,3.1,207.6
11.9,46512,16.5,15.9,3.5,207.6
16.6,38682,20.6,15.1,3.6,207.6
13.6,47205,18.7,14.7,3.8,207.6
15.3,40199,17.3,14.7,3.5,207.6
12.3,45596,14.5,18.9,4.1,207.6
14.9,37828,18.7,13.8,5.5,207.6
15.4,36573,25.6,10.2,6.2,207.6
16.4,38596,22.2,17.8,5.3,207.6
14.0,39381,22.2,15.8,4.5,207.6
17.9,35527,22.8,16.5,5.2,207.6
13.7,40308,17.7,15.0,3.9,207.6
18.8,28080,43.0,8.9,4.8,207.6
13.9,44951,27.5,8.9,4.3,207.6
15.1,43559,16.0,11.4,5.3,207.6
14.1,41471,18.6,12.1,4.0,207.6
10.8,56651,11.9,20.3,3.2,207.6
14.6,42674,18.4,12.5,2.9,207.6
16.4,36581,18.7,17.2,4.1,207.6
14.2,42162,21.9,16.6,4.8,207.6
16.4,36718,25.7,12.8,5.7,207.6
19.8,32922,26.0,10.5,4.3,207.6
15.9,38318,18.8,10.8,4.8,207.6
17.1,37626,21.3,15.4,3.5,207.6
15.4,36078,17.4,16.2,3.4,207.6
18.1,37624,23.3,16.0,4.7,207.6
14.2,45342,14.7,11.9,4.2,207.6
20.2,29945,35.4,14.0,6.1,207.6
14.4,41534,17.8,14.7,4.2,207.6
14.5,37370,23.7,10.1,3.8,207.6
15.6,39048,20.0,13.3,4.2,207.6
12.5,45788,16.0,22.0,4.5,207.6
15.1,43245,15.8,15.1,3.9,207.6
12.8,49957,16.7,34.1,3.5,207.6
14.5,37799,17.4,14.0,4.0,207.6
17.3,33257,35.6,10.6,5.2,207.6
10.7,63677,9.7,26.1,3.1,207.6
16.5,35826,20.2,9.1,3.7,207.6
16.0,31659,24.3,12.5,4.3,207.6
13.8,46843,15.6,19.7,3.6,207.6
14.3,44100,20.1,11.5,4.7,207.6
16.9,36032,20.7,11.3,4.8,207.6
16.5,34009,20.3,12.8,4.5,207.6
14.8,45335,18.2,20.8,5.6,207.6
15.8,40486,16.4,14.1,5.3,207.6
10.1,50893,15.2,32.8,2.6,207.6
12.3,44811,16.6,21.4,4.4,207.6
17.5,34306,23.7,12.0,4.7,207.6
14.4,41729,16.3,13.5,4.2,207.6
9.4,101744,9.0,46.0,3.0,279.6
14.3,55384,17.3,30.0,4.6,279.6
12.1,58515,11.8,20.3,4.0,279.6
10.7,50945,18.5,26.5,5.0,279.6
12.2,62984,12.1,18.7,4.0,279.6
12.3,57249,11.0,15.4,12.9,279.6
9.8,101463,7.8,41.7,3.2,279.6
12.7,48518,20.4,14.3,5.5,279.6
10.1,81869,8.1,33.7,3.6,279.6
12.0,52318,21.3,20.7,7.5,279.6
12.1,47365,15.4,13.9,6.5,279.6
10.3,49471,20.3,29.8,3.6,279.6
14.2,46633,21.4,14.5,18.1,279.6
11.7,53793,12.3,26.1,3.9,279.6
12.3,51586,20.5,16.1,8.0,279.6
11.5,58255,18.8,13.5,7.7,279.6
13.5,45086,18.4,15.8,5.2,279.6
10.2,57705,15.8,12.0,4.8,279.6
12.0,67986,14.2,31.8,4.7,279.6
12.7,53632,20.2,14.5,7.0,279.6
9.2,122933,6.6,58.8,2.4,279.6
12.6,51402,14.9,23.4,5.3,279.6
12.7,51386,17.5,24.7,3.9,279.6
12.8,56169,21.2,14.0,8.3,279.6
14.1,45227,19.1,15.9,7.5,279.6
9.6,66499,9.3,30.6,3.8,279.6
11.2,69665,13.3,24.5,6.3,279.6
10.1,85624,8.8,34.9,2.9,279.6
10.6,66681,10.3,36.6,3.5,279.6
10.1,89373,10.5,39.9,2.9,279.6
9.0,89175,7.1,38.6,3.2,279.6
11.9,55079,12.5,23.5,7.5,279.6
11.7,66793,12.7,21.8,4.4,279.6
10.5,69475,14.3,30.4,3.8,279.6
10.6,80063,8.6,19.7,5.1,279.6
12.8,63310,14.9,20.3,4.0,279.6
9.6,78777,11.5,38.1,3.3,279.6
8.8,110601,10.1,57.1,2.4,279.6
12.0,63567,14.3,18.4,6.0,279.6
9.6,70626,12.7,34.6,2.9,279.6
9.5,122930,6.8,49.9,2.2,279.6
9.6,75646,12.6,33.8,3.9,279.6
9.5,125933,7.3,51.3,2.6,279.6
9.2,84213,12.2,40.0,4.9,279.6
11.2,53908,15.2,22.2,4.9,279.6
13.3,52308,13.3,18.7,6.0,279.6
12.9,47560,17.1,22.5,6.7,279.6
11.0,82808,7.9,26.2,3.9,279.6
10.1,81002,9.9,34.9,2.7,279.6
11.2,59616,15.6,16.9,6.4,279.6
12.1,57879,13.5,17.7,7.5,279.6
13.0,47572,17.0,15.5,5.7,279.6
14.4,40680,21.6,19.7,5.7,279.6
13.1,48763,22.2,14.3,9.6,279.6
11.6,56500,12.5,20.0,4.6,279.6
9.7,84170,9.1,33.1,3.8,279.6
9.0,67804,20.1,41.6,4.2,279.6
10.9,47504,17.2,16.7,6.4,279.6
8.2,70199,9.2,23.6,3.5,285.7
10.4,42897,19.1,26.1,4.2,285.7
7.9,76665,8.1,42.2,3.2,285.7
10.3,53337,11.2,38.9,3.4,285.7
12.0,38294,19.4,22.1,1.8,285.7
11.9,37659,33.9,12.4,3.2,285.7
6.6,83591,9.7,60.8,2.8,285.7
6.5,96924,4.9,55.5,2.9,285.7
9.7,56168,10.9,33.5,2.7,285.7
10.0,54504,12.6,20.0,1.8,285.7
8.3,74019,7.2,46.5,3.0,285.7
14.3,38777,21.4,20.2,4.4,285.7
18.4,31557,25.2,19.1,4.3,285.7
11.2,35880,44.3,9.6,4.4,285.7
11.7,55242,12.0,36.9,3.7,285.7
12.0,46786,14.6,21.2,3.9,285.7
7.0,68069,11.7,47.9,3.2,285.7
11.5,47482,12.8,21.3,2.8,285.7
6.1,120670,2.6,57.9,2.9,285.7
6.9,86896,6.7,48.1,2.7,285.7
8.1,98247,5.0,35.9,2.8,285.7
7.5,67923,9.9,37.9,3.9,285.7
10.7,47885,16.5,18.2,5.2,285.7
8.0,74421,8.4,30.0,3.2,285.7
8.0,72949,6.7,38.7,2.5,285.7
8.7,69214,7.9,37.8,2.7,285.7
6.7,61268,10.4,55.3,2.6,285.7
10.4,62149,8.6,43.9,2.6,285.7
13.5,38242,21.7,21.4,6.5,285.7
10.7,51457,13.4,16.8,2.6,285.7
7.3,85550,7.0,44.1,3.0,285.7
10.9,44704,13.8,21.5,1.8,285.7
10.2,48342,12.6,18.9,2.0,285.7
9.6,51802,12.6,34.0,2.6,285.7
7.8,66219,9.2,43.9,3.0,285.7
6.8,71306,10.5,46.3,2.8,285.7
12.9,41485,19.2,19.7,4.7,285.7
9.7,46690,16.2,12.8,2.4,285.7
9.4,53168,14.5,20.5,2.9,285.7
9.1,51132,14.4,27.4,4.1,285.7
9.9,60210,9.3,39.9,2.6,285.7
9.7,59500,12.3,17.1,3.7,285.7
11.4,50180,16.3,28.6,4.7,285.7
10.9,52576,11.6,23.9,3.7,285.7
9.7,55387,12.2,17.6,2.9,285.7
12.9,40064,20.8,17.7,5.0,285.7
9.6,68900,7.5,48.6,3.5,285.7
9.0,72121,8.1,30.2,2.9,285.7
9.9,52367,10.8,25.5,1.9,285.7
7.2,89034,6.8,63.1,3.8,285.7
11.2,42455,21.6,17.4,3.3,285.7
11.5,48308,17.2,22.0,4.9,285.7
8.9,63411,10.8,20.2,4.4,285.7
11.6,44171,14.5,23.7,4.8,285.7
7.2,81033,7.0,50.4,2.7,285.7
14.1,36869,24.6,22.9,4.6,285.7
9.8,46878,14.4,34.5,3.1,285.7
7.2,69458,8.6,56.7,3.5,285.7
11.7,40009,14.9,20.8,2.6,285.7
6.8,80078,6.7,51.0,2.2,285.7
9.3,64850,7.4,34.0,3.7,285.7
10.0,47869,13.7,16.2,2.4,285.7
8.9,75629,10.5,26.7,3.0,285.7
9.9,53253,12.1,22.1,2.0,285.7
8.6,91183,10.0,47.4,4.0,352.1
10.3,73037,11.2,37.8,4.2,352.1
9.2,76304,6.9,35.1,3.8,352.1
9.0,88709,6.7,41.5,3.5,352.1
10.8,67720,11.6,34.9,4.4,352.1
10.2,67790,9.8,33.3,4.0,352.1
7.9,89584,8.0,41.2,3.6,352.1
10.6,65182,11.7,24.1,4.5,352.1
14.0,54980,13.8,23.6,4.1,284.6
11.2,69562,11.6,35.9,3.7,284.6
13.4,59821,12.3,26.5,3.7,284.6
8.1,82533,16.1,57.6,5.6,847.0
10.2,51026,19.8,42.5,3.3,265.2
11.7,52804,15.4,13.4,3.4,265.2
12.2,51777,13.4,22.8,4.0,265.2
13.9,45075,19.5,10.6,3.3,265.2
13.1,57612,11.0,29.3,3.5,265.2
13.1,57200,12.6,31.9,3.4,265.2
14.3,38323,21.3,9.9,4.1,265.2
15.0,52724,11.1,23.2,4.0,265.2
15.0,41556,15.2,17.6,5.2,265.2
11.9,62835,8.8,24.1,3.3,265.2
13.8,70649,10.6,36.2,3.4,265.2
14.3,46195,17.3,15.6,3.7,265.2
16.8,37233,26.1,11.4,3.8,265.2
15.6,37148,24.7,9.4,4.2,265.2
13.4,55733,14.5,29.2,3.6,265.2
11.8,50644,14.7,26.4,3.5,265.2
14.8,58975,10.3,24.4,4.0,265.2
14.3,40297,22.8,17.1,3.5,265.2
18.2,42259,23.6,16.7,4.6,265.2
13.7,42186,16.8,14.2,3.8,265.2
16.9,38680,20.1,9.9,4.0,265.2
13.2,45426,20.3,17.7,4.4,265.2
15.5,36299,27.6,9.3,4.2,265.2
15.9,39169,27.0,10.4,5.3,265.2
16.6,44391,24.0,8.2,6.1,265.2
14.3,45884,14.1,17.5,4.5,265.2
17.3,39994,20.8,17.0,4.8,265.2
12.3,58361,14.7,32.7,3.4,265.2
15.2,38040,23.9,10.3,4.0,265.2
14.2,58228,10.7,28.3,4.3,265.2
15.6,39545,23.5,13.4,4.0,265.2
15.9,46332,17.9,22.0,3.7,265.2
13.8,42689,21.0,15.8,3.2,265.2
14.1,52447,11.5,22.7,3.5,265.2
13.0,56343,12.1,27.8,3.4,265.2
9.6,51046,20.7,45.7,3.3,265.2
16.8,39037,16.1,12.6,3.8,265.2
13.1,40814,23.8,12.7,3.8,265.2
16.7,38249,22.8,13.8,3.9,265.2
13.4,59587,10.4,29.3,3.4,265.2
16.3,44517,15.1,19.4,4.3,265.2
12.7,61592,10.7,33.0,3.5,265.2
14.2,52043,16.0,28.8,3.9,265.2
12.6,67094,12.0,33.3,2.6,265.2
11.6,66898,10.4,28.2,3.2,265.2
10.8,62779,12.7,30.6,2.9,265.2
15.2,42258,21.5,11.4,3.7,265.2
10.9,58037,15.6,33.8,3.2,265.2
13.6,50473,13.4,20.5,3.6,265.2
13.6,61735,12.2,35.7,3.6,265.2
12.8,53788,12.6,23.4,3.8,265.2
12.5,52226,11.7,31.0,3.3,265.2
13.7,51354,15.7,20.0,4.1,265.2
17.4,39578,18.8,12.4,4.8,265.2
10.3,81925,6.6,43.7,2.9,265.2
14.9,53377,12.1,20.3,4.4,265.2
11.1,69541,9.5,28.1,3.3,265.2
13.1,61652,10.3,34.7,3.4,265.2
10.9,67187,9.9,38.2,3.2,265.2
16.6,55324,9.3,31.1,5.1,265.2
14.5,38525,19.3,14.7,3.7,265.2
15.0,42307,21.6,7.4,3.8,265.2
14.6,45906,20.6,8.3,3.4,265.2
14.1,50285,13.2,23.6,3.7,265.2
11.7,58203,11.9,18.4,3.1,265.2
12.2,60973,11.4,28.4,3.1,265.2
14.3,39225,22.8,11.7,3.8,265.2
16.3,42781,21.9,9.7,4.3,228.7
16.8,36779,26.1,9.9,3.5,228.7
15.2,38775,22.8,10.1,3.8,228.7
18.2,38288,22.9,12.3,5.1,228.7
14.9,42727,23.8,20.9,5.0,228.7
13.4,55384,13.0,12.8,3.1,228.7
11.8,61413,9.5,17.6,3.3,228.7
11.9,57409,12.2,19.5,3.8,228.7
17.1,35020,26.2,12.0,5.9,228.7
15.5,39412,21.8,11.8,4.2,228.7
16.4,41390,24.7,25.7,4.5,228.7
13.1,46019,18.7,17.2,5.7,228.7
14.7,41874,18.3,8.2,4.5,228.7
17.5,36354,24.5,15.2,3.9,228.7
10.1,79658,8.6,32.6,3.4,228.7
11.1,43766,22.9,27.4,4.2,228.7
17.5,42785,22.0,12.6,6.0,228.7
15.0,48831,19.7,11.4,4.0,228.7
19.3,33393,37.2,9.4,4.3,228.7
11.1,56555,15.8,24.5,4.2,228.7
18.1,35841,24.6,14.1,3.4,228.7
12.7,52502,16.8,20.6,4.0,228.7
11.6,55807,11.9,20.8,3.4,228.7
15.1,40499,25.6,10.5,4.3,228.7
12.6,54165,14.4,33.2,3.7,228.7
6.7,46869,17.3,33.4,5.6,228.7
15.2,39513,19.5,9.8,4.1,228.7
10.0,82733,7.4,37.0,3.1,228.7
10.3,42112,27.0,42.7,4.0,228.7
23.9,30239,29.8,7.9,7.7,228.7
15.3,46059,17.6,19.5,4.9,228.7
18.0,37593,25.8,11.1,4.6,228.7
10.0,78603,9.1,46.5,3.4,228.7
14.7,39480,23.9,13.2,4.5,228.7
15.8,38633,23.9,12.5,3.8,228.7
10.6,82184,7.1,35.1,3.5,228.7
15.5,38827,24.5,15.5,3.8,228.7
11.9,70974,10.2,29.8,3.4,228.7
16.1,48004,18.5,10.3,4.2,228.7
18.8,36096,27.4,13.7,4.9,228.7
12.6,48779,13.6,13.9,3.6,228.7
11.0,68835,8.7,30.4,3.3,228.7
16.2,38441,23.2,14.6,4.7,228.7
13.5,63477,14.3,43.4,4.0,228.7
16.4,35636,26.5,13.7,5.2,228.7
18.6,37278,29.1,11.3,4.6,228.7
17.0,38806,29.5,21.4,5.1,228.7
13.0,60512,12.6,27.1,4.1,228.7
18.9,34984,26.5,15.6,4.6,228.7
14.1,38667,24.4,8.8,3.2,228.7
10.5,65793,8.3,20.1,3.3,228.7
16.6,39681,18.5,10.8,4.8,228.7
16.3,37574,25.1,12.4,5.9,228.7
16.7,37319,26.6,15.5,3.7,228.7
14.7,43439,16.8,21.3,3.9,228.7
11.2,95021,5.0,46.5,3.5,228.7
13.6,44906,20.7,20.4,4.3,228.7
8.9,105921,5.0,51.7,3.1,228.7
14.6,42904,16.4,13.5,3.8,228.7
10.1,70808,13.5,51.4,4.0,228.7
14.3,47757,17.4,20.0,4.2,228.7
15.0,42820,17.5,9.0,4.2,228.7
13.4,53906,16.6,29.6,3.7,228.7
13.4,49101,16.8,14.4,3.8,228.7
16.7,41002,20.0,14.1,3.9,228.7
18.0,54016,19.3,25.8,4.2,228.7
11.2,72008,9.2,36.1,3.5,228.7
12.4,51829,14.9,18.7,3.7,228.7
12.6,61631,13.2,24.0,3.2,228.7
22.3,31716,30.7,8.8,6.0,228.7
12.2,47662,15.9,14.0,3.9,228.7
12.4,74686,8.7,29.9,3.4,228.7
16.2,47171,15.0,15.1,3.6,228.7
13.8,46218,17.1,9.8,3.9,228.7
12.9,72970,7.5,28.3,4.1,228.7
12.9,60728,12.1,27.3,4.0,228.7
16.2,38156,24.3,14.3,5.6,228.7
11.1,68984,8.7,21.0,3.0,228.7
15.9,51241,15.4,10.8,3.5,228.7
15.6,37211,20.6,10.0,4.9,228.7
18.7,38274,22.3,11.0,5.3,228.7
17.4,31419,31.8,9.3,5.4,228.7
16.5,34849,30.0,10.4,4.0,228.7
14.4,55737,14.5,20.1,3.7,228.7
13.6,48323,17.3,17.1,4.6,228.7
14.1,41564,20.3,16.4,4.4,228.7
16.8,42114,24.6,15.6,4.8,228.7
11.4,66090,12.4,25.6,3.6,228.7
12.0,47685,16.1,18.3,4.3,228.7
16.9,46967,17.2,13.5,5.0,228.7
12.7,46428,16.8,15.5,4.0,228.7
13.0,41820,25.9,25.6,4.1,228.7
11.4,55583,14.9,26.2,3.6,228.7
17.0,42768,19.9,13.7,5.6,228.7
17.9,42513,21.5,15.6,4.0,228.7
19.4,32868,30.5,8.6,6.2,228.7
13.6,51338,16.1,18.0,3.5,228.7
17.4,39114,22.8,13.1,5.1,228.7
17.5,38886,24.4,11.5,5.0,228.7
16.1,42483,22.4,12.3,3.7,228.7
17.4,36788,29.3,11.1,5.4,228.7
13.6,59362,13.0,26.3,3.7,228.7
14.3,41834,22.1,14.1,5.7,228.7
13.5,57978,12.7,20.8,3.6,228.7
13.7,46810,15.2,9.4,5.3,228.7
14.3,46628,20.1,26.2,5.1,228.7
14.1,56598,14.8,19.6,4.5,228.7
9.4,99497,5.7,51.1,3.0,228.7
14.6,51105,13.8,16.9,3.7,228.7
10.4,73309,7.8,24.1,3.4,228.7
14.8,46525,24.0,19.4,5.1,228.7
12.7,65062,11.0,23.7,3.5,228.7
13.5,44389,18.1,11.9,3.8,228.7
12.1,66901,10.6,15.9,3.6,228.7
13.9,43679,21.8,12.2,4.2,228.7
17.2,40582,23.9,12.4,4.3,228.7
15.8,51205,16.1,22.2,5.0,228.7
22.2,33908,25.5,9.1,5.5,228.7
15.7,44213,14.2,24.8,4.0,228.7
23.0,28298,30.8,11.7,5.9,228.7
15.9,40168,21.9,21.3,5.1,228.7
14.7,59673,13.2,26.5,4.4,228.7
15.4,45378,18.1,12.9,4.7,228.7
17.2,39048,25.9,14.2,5.4,228.7
17.1,36869,25.4,14.4,5.3,228.7
15.7,43510,17.3,16.4,4.7,228.7
13.3,45850,16.3,22.1,4.5,228.7
17.4,33053,37.9,11.2,4.7,228.7
17.0,37562,25.7,18.6,5.9,228.7
20.9,37265,24.8,12.0,5.0,228.7
22.1,34090,24.6,7.0,5.1,228.7
14.8,41440,25.6,13.2,4.2,228.7
19.0,36310,22.9,11.2,6.5,228.7
18.4,34297,31.9,8.4,6.8,228.7
19.6,35290,27.8,12.3,6.6,228.7
15.3,41642,20.2,23.1,4.7,228.7
14.2,45680,19.6,16.5,4.0,228.7
16.0,37148,24.9,15.8,5.8,228.7
14.5,45853,16.0,26.2,5.5,228.7
15.4,35069,26.3,13.6,5.8,228.7
14.2,45234,20.2,18.5,3.7,228.7
17.6,33261,27.9,12.5,5.1,228.7
19.8,42054,21.3,9.4,5.9,228.7
14.8,45943,13.8,22.4,3.6,228.7
15.6,40965,21.6,13.7,4.4,228.7
13.9,43767,15.5,15.9,3.9,228.7
12.4,65416,11.9,19.9,3.6,228.7
15.4,38357,23.6,13.9,3.9,228.7
20.9,38352,25.7,13.4,5.0,228.7
17.3,39444,25.9,14.0,5.0,228.7
14.7,44607,18.6,12.9,4.6,228.7
19.9,38187,22.7,11.7,6.3,228.7
16.1,32691,39.6,12.8,7.4,228.7
13.1,51579,14.1,21.4,3.0,228.7
14.0,47074,14.2,15.7,4.7,228.7
15.7,35961,30.8,11.4,5.2,228.7
19.3,39361,20.3,12.6,4.6,228.7
17.6,41036,23.3,10.6,4.4,228.7
15.5,48708,20.5,10.4,4.4,228.7
12.2,56383,15.6,29.5,3.0,314.1
12.3,83695,7.7,34.3,2.3,314.1
15.3,0,0.0,24.6,0.0,314.1
11.0,73981,8.5,29.5,2.5,314.1
10.4,78503,8.6,26.6,2.4,314.1
8.6,66827,9.7,37.8,2.5,192.6
15.4,45311,13.2,19.1,5.5,192.6
10.5,51300,13.8,27.2,2.7,192.6
12.1,53780,10.7,20.3,2.9,192.6
14.4,48451,14.7,15.1,4.6,192.6
11.9,50941,12.0,20.7,2.7,192.6
11.3,76113,7.0,38.2,2.4,192.6
13.1,56837,12.8,27.2,4.2,192.6
12.8,51373,14.1,23.1,4.1,192.6
10.3,60444,10.6,30.1,2.4,192.6
13.0,47118,13.5,19.0,4.4,192.6
12.9,50050,15.1,18.2,3.2,192.6
14.8,53866,9.7,19.5,2.3,192.6
11.8,53381,11.5,18.3,3.1,192.6
10.8,61219,8.9,19.9,2.8,192.6
11.7,51804,13.0,18.6,2.2,192.6
15.1,48471,15.5,15.5,3.0,192.6
14.0,46417,15.5,16.9,6.7,192.6
14.6,47682,14.7,23.0,4.0,192.6
10.7,49344,12.9,16.4,3.3,192.6
10.4,58170,8.8,18.1,2.1,192.6
11.5,51155,15.3,20.9,2.4,192.6
13.6,49857,13.4,14.8,3.4,192.6
12.7,51302,13.7,15.2,2.4,192.6
14.2,40569,16.2,20.2,4.7,192.6
9.6,61927,9.1,22.6,2.3,192.6
12.2,54020,12.5,14.9,2.5,192.6
11.0,56188,10.3,24.9,3.5,192.6
7.9,49538,12.7,45.1,2.5,192.6
14.8,44248,14.7,21.1,4.5,192.6
14.9,44911,14.2,17.3,5.5,192.6
12.7,50464,13.8,10.1,3.4,192.6
7.0,41827,23.9,36.4,1.7,192.6
13.2,53447,12.4,13.4,2.5,192.6
11.8,54476,13.3,21.9,2.8,192.6
12.5,52602,11.3,15.5,2.2,192.6
14.8,48192,14.7,11.2,3.6,192.6
12.6,51835,12.8,14.2,3.6,192.6
12.8,51921,13.7,15.9,2.9,192.6
14.2,36085,18.8,11.6,5.7,192.6
9.2,68749,7.6,41.5,2.2,192.6
11.6,51594,13.6,20.6,2.7,192.6
11.3,60285,8.4,30.1,3.8,192.6
15.5,43402,15.3,14.8,4.1,192.6
11.1,55174,12.3,24.8,3.9,284.4
17.9,35249,27.6,11.3,7.9,284.4
11.3,54800,13.8,21.8,4.4,284.4
10.7,74507,9.2,23.2,5.8,284.4
9.9,55327,14.8,13.7,2.7,284.4
11.8,56099,11.6,19.7,5.0,284.4
12.3,56099,11.0,13.6,5.3,284.4
12.1,51963,11.4,18.1,4.5,284.4
12.1,52486,12.0,14.6,4.5,284.4
8.6,53251,19.2,44.4,4.4,284.4
11.5,52936,12.5,16.6,5.3,284.4
11.6,54092,11.1,17.6,5.2,284.4
12.0,45427,14.3,15.2,5.3,284.4
9.9,66597,8.2,22.5,3.6,284.4
10.7,47291,20.0,25.6,4.8,284.4
10.8,63347,13.8,38.0,4.0,284.4
10.9,52313,11.8,16.6,5.4,284.4
11.7,60572,11.7,15.8,4.0,284.4
8.5,63274,13.1,31.4,4.4,284.4
11.1,55300,11.0,21.3,5.1,284.4
11.4,56976,9.2,19.0,4.1,284.4
8.7,93540,6.6,48.8,3.1,284.4
11.5,51577,13.5,16.7,4.7,284.4
11.3,51280,11.1,13.9,4.5,284.4
10.2,60773,9.7,22.5,3.7,284.4
12.5,47484,14.9,11.7,5.3,284.4
11.3,55357,9.7,20.2,4.8,284.4
13.0,42071,19.4,15.9,6.1,284.4
11.9,51258,14.2,17.6,6.2,284.4
13.7,43330,20.5,9.9,5.8,284.4
11.9,47314,13.9,12.4,4.9,284.4
9.2,79348,5.9,23.6,4.7,284.4
11.4,53028,12.3,18.3,4.4,284.4
11.8,53553,11.1,21.3,4.7,284.4
14.1,41713,20.0,11.2,7.8,284.4
12.2,53632,11.3,15.4,5.0,284.4
11.0,58042,11.5,22.6,5.0,284.4
12.3,55247,9.9,15.4,4.5,284.4
10.5,41445,25.7,36.0,4.6,284.4
11.2,54552,10.2,17.5,4.9,284.4
12.1,47425,16.3,17.4,5.3,284.4
10.7,59117,8.9,20.5,4.9,284.4
12.3,56832,7.8,23.8,4.4,284.4
12.0,53884,12.2,16.5,7.8,284.4
10.1,79834,8.6,33.1,4.9,284.4
11.5,53884,16.2,21.0,5.4,284.4
8.4,93345,4.2,35.4,3.5,284.4
12.4,44553,16.4,18.5,5.3,284.4
9.5,87336,8.0,45.0,4.5,284.4
11.5,54063,13.6,17.9,5.8,284.4
11.5,43767,17.5,13.5,5.9,284.4
11.2,54915,10.1,17.7,4.4,284.4
11.4,59323,12.6,15.7,4.4,284.4
10.2,52959,10.9,20.4,4.7,284.4
9.6,42887,21.9,32.4,5.1,284.4
9.3,86268,5.9,33.7,3.5,284.4
8.2,67087,14.4,44.8,4.2,284.4
12.3,50684,17.4,22.5,5.6,284.4
11.3,53409,12.9,19.4,4.9,284.4
10.6,60121,13.8,25.8,4.5,284.4
12.4,46096,19.5,15.0,4.9,284.4
11.9,57422,9.5,16.8,5.2,284.4
12.6,48764,14.6,15.4,6.0,284.4
13.2,43783,17.2,13.2,7.0,284.4
10.4,74872,9.0,23.1,4.0,284.4
11.2,58384,9.0,17.8,5.3,284.4
9.1,88481,4.3,32.5,3.5,284.4
12.0,53138,14.4,15.6,5.9,284.4
11.4,48976,15.2,19.9,4.4,284.4
10.8,59901,9.6,19.5,3.8,284.4
11.2,61794,8.4,20.0,5.0,284.4
11.3,56478,16.6,30.4,5.5,284.4
11.7,49965,17.8,11.7,6.0,284.4
9.8,67460,7.3,27.9,4.3,284.4
12.5,47815,14.1,15.1,4.8,284.4
13.0,43053,18.6,13.4,6.1,284.4
17.0,38400,19.7,12.3,8.2,284.4
11.4,66319,8.5,14.6,5.2,284.4
12.0,53607,13.8,12.8,4.4,284.4
11.9,48152,15.0,21.3,4.7,284.4
11.6,52642,14.2,23.2,5.2,284.4
11.9,58222,14.8,27.3,5.0,284.4
13.1,40761,20.3,17.8,6.5,284.4
10.5,62242,13.1,34.2,4.3,284.4
12.7,52018,11.4,18.2,4.5,284.4
11.7,55198,10.3,15.0,5.4,284.4
11.9,56509,10.2,16.9,4.3,284.4
12.6,52651,11.2,17.5,6.3,284.4
12.7,47357,12.7,19.3,4.8,284.4
10.0,61508,9.6,26.4,4.9,284.4
12.6,49716,17.4,22.8,6.5,284.4
12.9,44638,19.3,15.1,6.2,284.4
11.4,53414,14.4,17.2,4.5,284.4
11.5,53532,12.9,23.0,4.2,284.4
10.6,66937,7.4,20.6,3.0,284.4
12.1,50471,13.8,14.6,5.6,284.4
12.3,49507,12.3,15.2,4.3,284.4
11.9,57197,10.5,18.5,4.6,284.4
9.7,86108,6.4,34.0,4.0,284.4
11.3,46187,14.4,22.6,5.1,284.4
11.9,53795,16.1,22.6,5.7,284.4
9.3,72247,7.1,31.6,4.1,284.4
12.9,56693,11.6,15.3,2.6,230.8
12.4,54473,13.5,28.2,3.2,230.8
11.8,63067,10.1,32.3,2.6,230.8
13.9,51649,11.5,16.9,3.2,230.8
14.1,45161,14.1,13.6,3.9,230.8
9.5,85876,5.4,48.3,2.7,230.8
13.6,60944,10.1,27.4,3.2,230.8
13.0,57092,8.8,17.2,3.3,230.8
14.1,48598,13.5,13.9,3.7,230.8
12.3,56774,11.2,20.9,3.4,230.8
13.3,52699,13.8,16.8,3.9,230.8
13.3,51730,11.9,16.6,2.8,230.8
15.3,44152,15.8,11.4,4.5,230.8
13.2,55434,11.5,13.8,2.7,230.8
12.2,66502,9.4,21.6,3.6,230.8
12.2,57441,11.7,19.6,3.0,230.8
11.8,58987,10.1,17.7,2.8,230.8
12.1,43096,22.5,24.3,4.0,230.8
11.7,62126,7.6,22.2,2.5,230.8
12.6,59251,11.5,19.2,2.6,230.8
15.2,47737,14.5,11.6,4.6,230.8
11.3,64992,9.5,29.5,3.3,230.8
13.4,53493,11.2,15.0,3.6,230.8
12.7,62251,8.6,19.8,3.7,230.8
13.5,52798,13.6,14.4,3.4,230.8
12.1,56960,10.6,17.4,2.7,230.8
14.5,45138,19.9,17.1,3.9,230.8
14.4,46835,14.0,14.8,4.4,230.8
9.0,101740,4.2,57.8,2.7,230.8
11.1,73831,5.6,30.3,3.0,230.8
12.6,60379,9.3,17.4,3.5,230.8
10.1,80834,5.9,36.3,2.9,230.8
13.3,50183,14.4,16.6,3.5,230.8
13.3,55365,12.3,21.2,4.1,230.8
12.6,53809,10.1,19.0,3.6,230.8
13.5,55518,12.0,15.5,2.8,230.8
12.2,66720,9.4,14.9,3.9,230.8
14.3,48392,13.0,10.6,3.3,230.8
12.7,51031,15.5,17.9,3.4,230.8
13.5,51560,14.8,11.1,3.6,230.8
10.5,69880,7.7,31.8,2.9,230.8
13.3,48606,15.7,16.4,3.3,230.8
11.9,57367,9.0,22.7,2.6,230.8
12.5,67498,7.8,10.4,2.5,230.8
14.7,55280,15.7,22.1,4.9,230.8
14.7,52095,15.7,17.9,4.4,230.8
13.5,53187,12.5,15.5,3.8,230.8
14.6,49522,17.0,18.0,3.9,230.8
12.2,48409,17.2,30.4,3.5,230.8
13.2,55766,11.5,20.5,3.2,230.8
13.7,55444,11.8,13.4,2.7,230.8
13.9,47624,16.1,12.7,4.0,230.8
9.2,48883,21.4,45.6,3.6,230.8
12.4,53700,10.8,18.1,3.0,230.8
13.0,66151,10.6,16.9,3.4,230.8
14.6,53060,10.3,11.2,4.3,230.8
12.2,61341,9.1,14.3,2.9,230.8
12.9,58022,9.7,13.7,3.5,230.8
14.5,44968,15.6,12.3,3.9,230.8
14.7,49731,12.6,12.6,4.4,230.8
13.8,49639,15.7,12.2,4.0,230.8
13.0,52332,12.4,14.9,3.7,230.8
13.7,54265,11.1,13.7,3.5,230.8
12.0,69298,8.9,28.2,3.8,230.8
12.4,68162,9.2,20.7,2.8,230.8
13.9,49730,12.2,12.5,3.1,230.8
12.2,54718,12.2,16.1,3.8,230.8
13.9,46441,13.6,14.3,3.9,230.8
12.5,57436,11.1,18.1,3.6,230.8
13.7,53271,10.7,13.0,2.9,230.8
12.5,54674,13.5,29.2,3.6,230.8
13.5,44913,15.5,11.9,3.9,230.8
12.9,57193,11.6,19.4,3.1,230.8
13.0,56862,9.2,14.9,3.3,230.8
14.7,49972,11.0,10.8,4.3,230.8
12.9,58295,11.0,20.6,2.7,230.8
13.4,47554,13.7,10.8,4.7,230.8
14.9,47713,17.7,9.9,3.9,230.8
9.5,52269,18.1,37.7,3.2,230.8
12.9,60896,8.4,23.0,2.8,230.8
13.2,50300,10.7,16.9,3.1,230.8
12.7,50500,15.1,26.3,3.2,230.8
13.5,49287,15.2,13.4,5.5,230.8
12.0,48335,19.2,24.5,4.4,230.8
13.2,51487,12.4,18.4,3.5,230.8
12.9,60596,9.8,18.9,3.2,230.8
11.5,75534,7.1,29.6,2.9,230.8
12.9,44534,13.4,13.2,3.5,230.8
14.0,45130,16.0,18.2,3.6,230.8
12.7,60010,8.5,18.1,2.8,230.8
13.7,58380,8.5,16.8,3.1,230.8
11.9,67758,7.1,20.9,2.9,230.8
11.5,54282,9.7,15.4,2.4,218.2
11.5,51577,12.7,17.7,1.9,218.2
12.0,53359,11.7,18.5,3.1,218.2
12.8,44298,15.2,17.1,3.3,218.2
11.8,51210,11.0,14.6,2.4,218.2
10.4,62799,7.9,22.6,2.7,218.2
9.6,52320,16.3,28.6,2.8,218.2
9.9,63099,8.8,24.8,2.1,218.2
9.2,74646,6.6,30.3,2.0,218.2
10.3,59724,10.6,20.6,2.6,218.2
11.5,52683,10.2,19.6,2.1,218.2
11.1,57971,9.0,17.5,2.7,218.2
11.5,54865,11.3,19.5,2.5,218.2
10.1,60531,8.0,22.2,1.9,218.2
12.3,50356,12.6,19.6,2.7,218.2
10.0,67597,7.6,23.0,2.4,218.2
10.8,51939,10.4,22.7,2.6,218.2
11.6,56312,9.4,21.4,2.2,218.2
11.2,64190,8.6,16.9,2.7,218.2
11.5,52541,11.2,16.9,2.8,218.2
10.9,56338,9.7,22.6,3.2,218.2
12.2,53968,9.4,17.2,3.2,218.2
11.5,51317,12.5,19.1,3.2,218.2
11.9,54828,12.3,12.8,3.4,218.2
7.1,87267,5.2,49.4,1.7,218.2
11.3,54830,12.7,20.5,2.7,218.2
11.2,41101,20.3,23.5,2.2,218.2
11.3,61342,9.0,16.6,2.1,218.2
12.3,51805,12.7,20.5,3.3,218.2
11.3,55603,7.8,31.3,3.2,218.2
9.6,60367,11.3,30.5,2.4,218.2
11.4,51497,11.2,20.2,2.7,218.2
11.6,50893,11.7,19.8,3.0,218.2
12.0,53811,11.4,19.9,2.7,218.2
12.6,59367,9.9,17.7,2.1,218.2
11.6,54658,10.0,19.3,1.9,218.2
11.4,51861,12.1,20.1,2.3,218.2
9.8,65060,6.8,28.0,2.5,218.2
11.3,60306,11.4,19.8,2.6,218.2
10.5,56738,8.4,24.3,2.7,218.2
10.6,60859,8.5,23.1,2.3,218.2
11.1,55303,9.9,19.8,2.8,218.2
11.2,60044,9.7,18.8,2.2,218.2
10.6,55856,11.0,20.1,2.5,218.2
11.3,53500,10.2,14.9,2.5,218.2
11.5,60166,9.7,20.8,2.5,218.2
11.0,60312,10.3,19.0,2.0,218.2
10.6,64188,7.4,19.1,2.1,218.2
11.4,54663,11.1,18.8,2.8,218.2
10.9,60378,10.2,17.9,2.6,218.2
10.4,46715,16.3,31.6,2.4,218.2
7.4,64387,15.8,53.0,1.9,218.2
11.4,55405,11.4,18.4,3.0,218.2
11.2,52122,12.5,18.2,2.9,218.2
12.0,55486,10.1,18.3,2.0,218.2
11.9,48241,14.6,15.7,4.0,218.2
9.3,64878,9.4,33.0,2.8,218.2
12.0,49585,10.7,14.2,2.6,218.2
11.9,49956,15.1,17.0,2.0,218.2
10.0,69048,6.9,21.4,1.5,218.2
9.3,74794,7.0,23.9,3.2,218.2
10.9,56492,12.4,22.3,2.5,218.2
9.6,63491,9.2,26.4,2.0,218.2
11.3,59552,11.3,19.0,4.4,218.2
10.1,64271,8.6,23.7,2.1,218.2
11.3,59558,9.2,17.7,1.9,218.2
12.6,50530,13.9,16.7,2.8,218.2
12.1,56541,11.6,16.6,2.9,218.2
12.5,49966,13.9,17.5,2.4,218.2
10.5,58465,11.8,22.0,2.6,218.2
10.8,53147,9.1,19.9,2.0,218.2
11.9,60627,9.4,18.1,1.9,218.2
11.5,54313,13.5,21.3,2.5,218.2
10.6,55322,9.7,25.0,2.2,218.2
10.2,66360,8.1,21.0,1.9,218.2
12.1,55865,11.1,14.7,1.8,218.2
9.1,68479,9.9,36.1,2.5,218.2
10.5,56337,11.8,21.2,2.3,218.2
10.2,56170,10.6,25.1,2.3,218.2
12.0,48754,14.3,20.6,2.8,218.2
11.4,56698,11.2,20.6,2.4,218.2
9.9,59865,12.4,31.9,3.0,218.2
11.5,58862,7.9,20.8,2.0,218.2
8.7,70162,6.3,28.1,1.8,218.2
7.3,57464,18.9,51.1,1.6,218.2
11.8,56954,11.4,16.1,3.0,218.2
12.3,47781,12.8,14.9,2.0,218.2
12.1,49887,13.4,17.2,3.5,218.2
12.4,47905,13.1,14.1,2.7,218.2
11.8,48226,14.7,18.0,3.4,218.2
8.9,78192,7.1,31.7,2.3,218.2
10.6,65849,8.8,21.5,2.3,218.2
13.4,46725,13.0,13.0,2.7,218.2
10.9,52093,13.7,19.6,3.3,218.2
10.8,54433,9.1,22.4,2.6,218.2
9.2,61807,9.8,29.7,2.7,218.2
10.7,60059,13.8,23.0,2.5,218.2
10.7,58587,9.8,15.5,2.7,218.2
12.5,54802,10.6,17.7,2.6,218.2
13.6,44423,18.9,20.4,4.0,227.6
13.1,50646,13.1,17.5,3.5,227.6
11.8,49332,15.5,21.9,4.6,227.6
14.0,47634,12.8,18.3,2.6,227.6
13.6,49991,14.5,18.4,3.3,227.6
14.0,41807,16.0,20.6,4.2,227.6
13.7,47529,13.3,21.8,3.0,227.6
11.0,65953,9.6,29.0,3.5,227.6
13.4,50981,10.3,21.6,2.6,227.6
15.7,41129,17.2,16.8,4.0,227.6
14.0,44475,16.5,19.1,3.8,227.6
13.8,43274,12.4,26.3,2.4,227.6
12.3,51235,13.1,31.5,2.4,227.6
12.3,52681,10.7,27.2,3.2,227.6
13.0,44467,16.0,22.5,3.5,227.6
12.2,58371,10.7,22.9,4.8,227.6
12.4,46818,11.2,18.6,2.5,227.6
12.4,47864,15.4,20.1,3.4,227.6
10.9,43852,17.7,29.5,4.0,227.6
14.7,44774,13.6,23.5,3.0,227.6
12.5,50605,10.9,22.1,3.5,227.6
12.1,50949,13.3,19.3,3.5,227.6
7.9,57120,17.0,50.4,3.1,227.6
14.3,46962,11.3,17.9,2.4,227.6
16.3,37360,17.7,15.0,3.3,227.6
9.9,53840,12.0,34.8,2.4,227.6
12.7,50261,11.9,20.4,2.8,227.6
12.9,56206,13.2,17.1,2.5,227.6
13.8,56052,11.6,17.6,2.6,227.6
11.6,58033,9.3,19.5,3.6,227.6
8.9,50856,10.3,21.9,4.8,227.6
13.2,49626,11.4,22.7,2.2,227.6
14.2,41906,12.5,26.2,3.2,227.6
12.9,61614,10.9,15.4,2.8,227.6
11.1,65771,7.5,21.0,2.0,227.6
12.5,51606,11.3,29.0,2.0,227.6
14.8,43083,14.5,19.6,3.6,227.6
13.0,51559,14.1,18.2,2.0,227.6
13.5,45570,14.3,17.1,2.9,227.6
11.2,57934,10.4,31.0,3.2,227.6
13.6,60808,10.5,16.3,2.2,227.6
12.8,54058,11.7,28.4,2.5,227.6
12.5,56330,10.5,21.3,3.0,227.6
11.6,69246,7.6,21.9,3.3,227.6
16.0,44271,15.0,16.9,2.8,227.6
8.2,87087,5.5,55.3,2.9,227.6
13.8,63248,12.4,15.9,2.4,227.6
11.9,56005,11.1,24.2,3.2,227.6
12.3,64399,12.1,27.9,2.4,227.6
14.0,44571,16.0,17.8,4.0,227.6
13.6,59240,10.3,21.6,2.8,227.6
11.2,70807,10.6,31.7,3.6,227.6
13.0,44439,12.7,22.6,2.5,227.6
14.5,47153,12.9,16.0,5.9,227.6
12.3,50267,9.1,17.6,2.2,227.6
11.0,47982,16.1,27.3,3.5,227.6
11.3,58017,10.5,29.0,2.6,227.6
12.5,51712,9.6,25.1,3.1,227.6
13.0,51066,11.2,18.6,2.6,227.6
13.1,67220,9.4,20.1,2.1,227.6
10.2,71770,7.9,27.7,3.6,227.6
12.9,51514,11.4,25.3,2.3,227.6
14.1,42479,19.5,18.2,4.3,227.6
13.5,49287,11.4,20.1,2.8,227.6
13.7,53785,11.1,17.1,3.3,227.6
11.3,59567,9.1,24.5,2.3,227.6
13.5,46176,14.8,20.6,4.9,227.6
14.5,51757,10.5,18.9,2.8,227.6
12.4,47252,14.6,15.9,2.1,227.6
13.3,53864,12.5,18.6,3.8,227.6
13.1,46101,12.9,23.0,2.6,227.6
12.4,56451,10.2,23.5,2.9,227.6
12.8,47039,14.2,18.8,3.2,227.6
13.3,47405,12.4,22.3,2.5,227.6
9.9,69975,8.0,34.5,2.8,227.6
11.5,52567,12.0,28.1,2.8,227.6
13.5,46638,12.9,25.1,2.1,227.6
13.1,49341,12.3,20.5,3.6,227.6
13.1,48566,11.0,24.5,2.7,227.6
12.2,51686,13.8,23.2,2.9,227.6
7.1,47057,20.7,46.0,2.9,227.6
12.5,47365,11.2,24.0,3.2,227.6
13.5,44121,13.8,23.1,2.7,227.6
12.6,45879,13.7,25.9,3.0,227.6
11.7,53961,11.0,26.2,3.1,227.6
11.9,63790,7.8,24.9,2.0,227.6
12.6,56381,13.4,30.9,3.8,227.6
13.5,50671,15.1,11.1,3.3,227.6
12.4,53612,13.9,30.8,3.5,227.6
13.0,50553,11.9,21.4,2.3,227.6
12.6,45966,13.7,19.1,2.8,227.6
14.2,41899,12.2,19.1,2.5,227.6
13.7,47835,13.4,23.9,2.7,227.6
12.9,60136,11.5,19.3,2.6,227.6
14.2,58817,10.7,12.2,2.8,227.6
12.6,56946,13.4,22.2,3.5,227.6
11.0,55345,9.9,25.5,2.6,227.6
12.8,48520,11.6,22.8,3.2,227.6
11.5,59744,8.1,23.3,3.2,227.6
12.5,51350,13.1,30.9,2.6,227.6
13.1,48104,12.4,20.3,2.7,227.6
12.9,59800,11.9,21.1,2.2,227.6
13.8,45697,15.4,14.4,4.4,227.6
15.7,43894,16.1,13.5,4.3,227.6
15.2,47084,18.4,17.4,4.8,227.6
15.3,37392,23.8,16.3,5.1,230.9
15.0,44624,17.3,14.6,3.7,230.9
13.3,60908,10.0,20.3,3.6,230.9
15.1,47658,15.3,13.3,6.9,230.9
16.2,42439,19.2,16.0,4.4,230.9
16.3,44183,20.4,12.4,6.7,230.9
18.8,29362,31.3,8.9,6.3,230.9
11.3,77696,6.4,31.6,3.4,230.9
15.2,48614,16.5,18.9,4.0,230.9
15.3,48020,18.3,20.2,5.9,230.9
14.3,47528,14.8,23.4,4.4,230.9
14.1,56432,11.3,13.7,4.9,230.9
17.6,31182,32.5,14.3,7.3,230.9
15.5,47284,18.8,11.1,5.4,230.9
12.8,61022,9.5,14.2,4.1,230.9
15.9,43048,17.7,12.6,4.9,230.9
15.7,43659,18.0,15.3,4.7,230.9
12.4,41873,21.3,29.0,3.9,230.9
11.8,60904,13.1,33.5,3.3,230.9
16.7,41249,17.2,14.8,4.9,230.9
15.4,47623,15.6,8.8,4.1,230.9
16.6,32906,31.1,13.7,9.2,230.9
17.4,34358,26.0,13.3,4.7,230.9
13.4,40299,18.2,17.3,5.2,230.9
14.0,50162,16.0,20.1,4.1,230.9
18.0,28146,38.2,9.5,7.1,230.9
18.0,31118,25.7,10.1,5.5,230.9
16.0,43624,17.8,13.1,5.2,230.9
17.3,33541,23.3,13.1,4.5,230.9
13.8,51441,15.3,22.9,4.0,230.9
16.0,43151,17.4,10.8,5.3,230.9
16.9,35446,25.2,8.3,9.3,230.9
17.6,35701,25.3,9.9,5.5,230.9
11.8,55358,14.6,42.9,3.3,230.9
15.4,42571,18.6,12.7,5.4,230.9
18.3,33218,34.2,11.2,6.6,230.9
12.8,53134,12.9,29.8,3.7,230.9
19.2,32355,30.2,13.3,5.8,230.9
14.3,49060,15.1,11.6,4.1,230.9
14.5,51203,16.1,16.8,4.4,230.9
14.0,53965,13.9,13.6,4.3,230.9
15.9,46785,16.9,16.3,5.0,230.9
15.8,40780,21.4,10.4,4.9,230.9
16.9,36782,18.0,12.0,4.3,230.9
14.5,49457,16.6,17.2,6.6,230.9
14.0,56769,12.0,11.0,4.2,230.9
13.4,52278,13.4,23.0,4.1,230.9
19.7,29521,33.4,10.8,7.4,230.9
14.4,51709,15.5,14.8,4.1,230.9
16.3,37038,22.2,11.8,4.0,230.9
15.4,51161,16.3,17.9,3.8,230.9
15.2,53405,14.3,12.2,3.9,230.9
18.8,44290,17.7,17.6,5.7,230.9
16.4,45512,18.1,16.0,4.4,230.9
17.0,35317,26.5,12.2,7.0,230.9
12.9,55860,15.4,32.7,4.1,230.9
12.7,59443,12.6,29.5,3.6,230.9
15.7,39381,25.0,14.9,6.9,230.9
12.0,64644,10.4,30.4,3.4,230.9
18.8,32228,32.1,12.9,6.9,230.9
17.2,30742,31.9,13.1,6.2,230.9
15.1,45458,15.3,10.1,4.4,230.9
15.7,41425,20.6,13.4,5.1,230.9
16.4,36667,25.5,10.0,7.2,230.9
18.5,29124,34.4,10.3,6.3,230.9
17.8,31921,30.8,9.7,7.1,230.9
18.7,32321,31.1,11.7,6.5,230.9
17.6,35751,25.2,11.0,8.4,230.9
16.5,42190,20.6,11.1,5.0,230.9
16.0,48182,13.9,11.4,6.8,230.9
15.2,46742,18.0,15.0,3.9,230.9
15.8,48395,14.5,15.9,5.1,230.9
15.3,48950,14.7,24.6,5.6,230.9
19.1,30029,33.7,6.9,6.3,230.9
15.0,48080,13.9,12.0,4.9,230.9
11.2,51897,16.5,30.5,3.9,230.9
17.7,30950,28.4,9.7,13.2,230.9
15.6,45661,17.1,13.2,3.8,230.9
14.2,52388,12.1,18.8,5.3,230.9
16.0,28925,39.1,8.5,6.5,230.9
15.2,41807,18.2,18.9,5.5,230.9
12.9,57613,11.4,18.2,4.6,230.9
16.8,34002,26.4,11.3,7.6,230.9
14.6,53921,12.8,17.5,4.5,230.9
16.9,35906,23.3,13.1,4.1,230.9
16.3,35596,23.0,12.9,4.1,230.9
15.0,46629,15.3,16.3,6.0,230.9
16.3,35848,27.3,13.6,6.3,230.9
15.6,43722,17.4,11.1,6.7,230.9
12.8,55602,12.2,17.2,4.3,230.9
16.6,41428,15.5,10.2,4.6,230.9
15.1,44751,17.2,13.3,5.7,230.9
10.3,102136,5.6,42.2,3.3,230.9
15.4,48998,15.8,9.9,4.9,230.9
18.0,26278,39.2,16.2,7.1,230.9
14.5,54583,15.5,11.3,4.1,230.9
16.7,33108,28.9,12.3,6.3,230.9
17.2,37124,23.8,13.0,5.9,230.9
15.3,37776,22.0,14.7,6.0,230.9
16.1,41541,19.5,15.3,5.1,230.9
16.6,45146,19.1,16.0,4.9,230.9
16.0,37732,22.8,10.6,4.9,230.9
12.0,41196,22.7,26.6,5.2,230.9
16.8,34648,21.6,12.9,5.8,230.9
11.1,73500,8.3,28.6,3.3,230.9
13.0,66056,10.0,24.2,3.5,230.9
13.7,51769,12.5,14.2,3.9,230.9
12.1,85899,7.3,20.2,3.6,230.9
14.8,45429,19.2,19.2,4.3,230.9
15.2,51027,17.1,12.9,4.0,230.9
15.3,49767,13.1,16.9,4.7,230.9
15.1,51674,16.5,12.0,4.3,230.9
14.5,47067,16.3,11.0,5.0,230.9
11.0,53478,16.5,30.6,3.7,230.9
14.9,50246,13.8,17.7,3.7,230.9
18.1,33701,28.1,12.8,7.0,230.9
16.0,47132,18.4,9.8,4.2,230.9
14.9,36863,25.7,19.2,5.0,230.9
19.2,30144,31.4,7.6,7.7,230.9
13.2,66164,9.4,32.9,3.1,230.9
14.1,40484,25.2,13.4,5.4,260.3
13.6,44395,19.6,12.7,5.6,260.3
11.2,77758,10.8,26.8,4.1,260.3
16.0,48120,20.7,10.2,6.7,260.3
15.7,37731,27.4,12.1,5.7,260.3
12.8,57005,15.4,17.5,5.3,260.3
19.1,34047,26.9,12.4,5.8,260.3
11.7,56754,14.4,25.6,4.3,260.3
15.7,40467,22.4,23.5,5.5,260.3
12.9,50531,14.9,21.9,3.8,260.3
15.7,40842,20.8,14.2,5.7,260.3
12.5,57299,13.9,11.6,3.5,260.3
15.4,35812,26.0,11.7,6.8,260.3
19.1,33659,32.7,14.7,5.2,260.3
17.8,35840,27.2,12.8,7.0,260.3
16.4,44457,18.3,14.2,5.7,260.3
12.6,52945,16.7,34.7,4.3,260.3
22.4,27714,45.7,8.5,10.3,260.3
16.4,45174,19.6,12.6,4.7,260.3
16.0,34113,27.3,12.8,5.8,260.3
16.7,34446,27.3,11.9,7.1,260.3
13.1,43502,20.0,8.4,5.9,260.3
15.1,42909,24.1,12.7,5.8,260.3
15.6,47917,23.8,14.5,6.2,260.3
16.4,40828,21.6,13.5,4.6,260.3
14.1,50871,15.6,26.1,4.4,260.3
13.8,44492,17.7,15.9,4.7,260.3
12.1,57821,15.3,32.1,4.5,260.3
13.2,52651,16.6,16.6,4.7,260.3
13.7,45742,19.5,12.2,4.4,260.3
11.9,36525,25.8,36.5,5.2,260.3
10.5,63088,11.3,18.3,4.1,260.3
18.8,28452,41.7,12.6,8.3,260.3
17.8,34023,27.4,13.0,8.2,260.3
15.5,36298,32.8,17.8,5.8,260.3
14.4,38855,23.8,36.8,5.0,260.3
14.1,44371,21.3,24.3,5.2,260.3
12.9,58643,15.5,19.6,4.6,260.3
16.2,46603,20.3,15.2,5.4,260.3
15.0,48116,19.4,20.5,5.3,260.3
17.5,36865,23.1,13.9,4.4,260.3
16.7,35103,26.2,13.5,6.2,260.3
15.5,36423,23.1,13.1,5.2,260.3
12.9,43983,20.1,12.3,5.0,260.3
12.1,67585,12.8,24.2,4.4,260.3
17.9,38699,19.6,13.9,6.6,260.3
15.7,53903,16.8,14.3,6.2,260.3
15.3,50830,18.2,16.3,5.7,260.3
17.2,36624,32.7,14.2,6.2,260.3
13.9,46229,19.3,14.4,5.2,260.3
16.3,39764,21.0,10.6,6.6,260.3
11.7,67054,11.8,33.5,4.2,260.3
13.7,47128,17.9,19.4,5.5,260.3
25.3,28962,31.6,10.5,7.7,260.3
14.0,51665,17.3,15.8,5.0,260.3
15.3,43584,18.0,14.6,5.7,260.3
12.9,48263,18.3,14.2,5.3,260.3
10.9,47664,17.5,16.8,6.6,260.3
17.4,36850,24.6,11.7,5.7,260.3
17.6,35070,26.0,15.1,6.1,260.3
13.1,58205,12.8,20.6,4.4,260.3
15.6,39332,23.3,12.6,9.2,260.3
14.5,60296,24.4,22.2,4.0,260.3
15.9,40133,22.8,14.4,6.3,260.3
11.7,49935,12.3,22.2,3.3,330.2
14.9,39450,15.3,18.9,4.8,330.2
8.7,71586,8.2,46.7,2.7,330.2
11.2,49561,14.5,25.4,4.0,330.2
11.0,52148,11.6,32.3,3.8,330.2
10.8,52154,11.2,27.1,3.2,330.2
10.0,56678,11.0,31.0,3.2,330.2
11.7,56211,11.1,32.7,3.3,330.2
12.0,44243,16.7,19.0,4.0,330.2
10.9,47840,14.7,27.1,3.8,330.2
14.7,40066,17.5,18.3,4.2,330.2
10.2,65969,8.7,35.5,2.7,330.2
12.5,43755,16.1,16.5,4.8,330.2
11.4,49482,13.7,29.6,3.5,330.2
13.0,39522,18.3,20.8,4.9,330.2
9.9,65984,9.0,31.4,3.0,330.2
12.8,43535,16.7,18.3,5.5,386.0
10.4,97051,7.0,40.9,3.3,386.0
12.0,75836,9.9,38.6,4.0,386.0
11.3,106270,5.4,31.1,3.5,386.0
14.6,56627,13.2,16.9,3.8,386.0
9.8,95956,6.0,35.6,3.2,386.0
11.4,72739,8.3,22.8,4.4,386.0
12.6,92616,6.6,28.9,3.9,386.0
16.0,48682,15.4,20.8,5.2,386.0
10.1,95196,6.2,40.6,3.5,386.0
13.2,49147,12.2,20.1,4.8,386.0
11.6,87959,7.0,35.8,3.6,386.0
9.2,116719,5.2,61.4,3.0,386.0
12.9,55514,12.9,34.2,4.3,386.0
10.4,107758,6.9,59.0,3.2,386.0
14.4,82445,8.3,32.7,4.1,386.0
10.4,93751,6.5,34.9,3.3,386.0
10.8,89964,8.0,31.5,3.8,386.0
14.9,42098,23.4,15.7,6.9,386.0
12.1,64245,9.2,38.6,3.7,386.0
13.3,62556,11.1,21.4,4.3,386.0
12.9,54313,14.6,26.8,5.2,386.0
14.0,59266,10.4,30.4,8.0,386.0
14.1,50501,18.9,31.2,5.7,386.0
10.5,69001,8.0,42.8,4.3,449.5
10.6,58375,11.3,33.4,4.0,449.5
9.7,66005,10.8,28.0,4.3,449.5
10.1,70224,7.7,44.2,4.6,449.5
9.8,76373,10.7,39.4,3.4,449.5
10.0,58992,10.6,37.2,3.0,449.5
10.5,52682,16.7,27.2,4.6,449.5
7.9,74456,11.1,46.5,3.0,449.5
7.5,100374,7.3,55.2,2.7,449.5
8.1,97525,5.9,51.7,4.4,449.5
8.2,100184,6.5,53.0,3.0,449.5
9.3,89678,6.2,36.7,3.5,449.5
8.7,68743,17.5,44.8,3.0,449.5
9.4,71767,9.0,35.9,3.5,449.5
16.0,39862,19.5,15.7,6.6,287.0
13.4,47441,12.6,17.4,7.8,287.0
10.6,62247,10.7,22.7,3.3,287.0
12.6,42792,15.3,17.5,5.1,287.0
12.8,56456,10.6,28.2,5.6,287.0
14.4,42540,15.9,11.8,7.1,287.0
13.8,43435,15.4,14.5,6.1,287.0
10.6,64121,8.5,20.1,3.4,287.0
12.1,50576,15.6,18.9,4.8,287.0
12.3,51905,10.3,29.3,5.5,287.0
12.3,51509,15.3,27.7,4.3,287.0
12.3,50477,14.5,14.2,3.7,287.0
12.5,48413,17.3,21.2,4.2,287.0
12.2,55978,11.2,19.1,4.1,287.0
12.0,54491,10.6,31.0,4.7,287.0
14.0,48589,13.4,20.5,9.2,287.0
12.6,47380,17.1,21.0,6.6,287.0
14.9,39394,20.6,12.1,6.1,287.0
9.8,70967,7.5,31.4,3.2,287.0
13.9,46930,13.6,18.8,6.0,287.0
13.2,49292,12.4,21.5,5.3,287.0
12.0,52348,10.8,26.5,3.8,287.0
10.8,66716,9.3,26.8,3.5,287.0
10.9,58891,8.3,33.7,5.9,287.0
12.6,48370,18.8,20.9,4.9,287.0
14.7,44635,15.6,13.8,5.6,287.0
13.9,39934,17.5,19.8,5.1,287.0
9.9,64591,9.5,35.1,3.7,287.0
11.9,48988,16.2,14.0,4.7,287.0
12.1,50388,13.5,17.0,4.0,287.0
10.2,42282,19.0,33.2,5.1,287.0
13.1,45817,12.6,15.5,4.6,287.0
9.1,52837,18.1,38.5,3.6,287.0
10.7,61667,9.9,16.1,3.4,287.0
14.9,41256,15.1,16.3,6.4,287.0
15.1,40959,14.2,18.8,5.6,287.0
9.3,47056,23.4,29.2,3.9,287.0
11.3,52047,13.7,21.4,3.9,287.0
9.7,55881,14.4,38.1,3.4,287.0
13.0,46068,14.1,11.9,5.9,287.0
9.9,61675,11.3,35.2,3.0,287.0
14.2,51641,12.0,30.4,6.9,287.0
17.8,36044,22.3,11.3,6.9,287.0
11.1,65209,10.1,17.8,5.2,287.0
11.6,67349,7.0,42.8,4.2,287.0
11.6,55762,10.4,20.9,4.1,287.0
8.9,84048,5.0,34.8,3.3,287.0
13.3,43196,20.7,16.3,6.2,287.0
15.1,46645,13.4,21.8,9.7,287.0
11.7,62191,11.0,24.5,4.0,287.0
13.3,47401,13.1,20.0,5.7,287.0
10.4,54093,14.1,31.5,4.9,287.0
12.8,51083,12.1,23.2,4.9,287.0
11.0,45804,18.4,21.9,5.0,287.0
13.1,46486,12.4,16.7,4.0,287.0
9.9,58057,11.3,34.0,4.0,287.0
13.4,48413,12.9,13.2,5.0,287.0
11.0,62522,10.0,19.1,4.2,287.0
12.2,50396,14.3,13.0,4.2,287.0
15.9,40650,18.2,12.8,8.6,287.0
13.4,49960,15.7,19.1,4.5,287.0
13.0,48860,15.6,15.9,4.3,287.0
10.0,80319,8.2,46.4,3.3,287.0
13.7,50374,15.5,18.8,6.1,287.0
14.8,41201,15.9,12.1,7.0,287.0
16.1,40798,14.1,17.5,7.8,287.0
13.8,45607,17.6,13.8,4.4,287.0
15.1,38927,17.1,10.7,6.4,287.0
11.9,51292,11.4,24.2,5.2,287.0
8.8,70420,6.8,33.5,2.8,287.0
14.7,45502,14.2,17.3,8.0,287.0
15.8,38613,17.1,14.9,7.8,287.0
13.2,48805,17.0,21.1,4.8,287.0
11.7,56557,13.8,18.3,4.7,287.0
12.5,52689,13.6,15.7,3.7,287.0
13.0,46184,15.9,14.2,5.1,287.0
15.2,44887,13.2,15.8,7.1,287.0
11.0,54149,10.8,17.2,4.3,287.0
12.9,51113,12.7,13.6,5.5,287.0
12.7,57363,15.3,20.9,4.8,287.0
8.7,72267,15.0,55.2,3.0,287.0
13.6,46440,21.7,23.3,5.2,287.0
12.8,46396,13.1,17.9,4.7,287.0
13.9,44016,13.7,17.4,5.6,302.7
8.6,82284,5.6,29.7,2.8,302.7
10.5,59440,11.1,24.5,3.6,302.7
10.8,47073,18.4,28.1,4.1,302.7
9.0,61341,10.2,22.6,3.5,302.7
12.1,51058,11.3,15.0,3.8,302.7
8.1,58132,15.1,33.6,2.5,302.7
10.4,60626,8.4,20.4,3.4,302.7
10.3,60412,10.1,22.5,4.1,302.7
7.2,104248,3.8,48.1,2.5,302.7
12.8,48651,12.9,22.4,5.1,302.7
11.6,53540,8.8,19.1,3.2,302.7
9.0,82814,6.4,20.5,3.4,302.7
7.9,65914,11.8,33.5,2.9,302.7
12.8,51475,12.8,16.1,8.1,302.7
11.8,54465,9.6,42.4,3.5,302.7
11.5,51788,10.4,21.2,3.6,302.7
10.5,53481,12.6,24.3,3.9,302.7
8.5,86403,6.3,41.8,2.5,302.7
8.5,75955,6.1,24.4,3.0,302.7
10.3,60979,8.8,25.4,2.8,302.7
11.3,52560,11.7,17.8,3.5,302.7
10.1,58761,9.9,21.1,3.1,302.7
11.3,52010,9.9,16.7,3.2,302.7
9.8,67039,7.1,25.0,2.7,302.7
11.0,54917,9.9,19.4,4.0,302.7
7.9,76067,10.3,49.2,2.5,302.7
10.1,59613,8.5,24.0,2.9,302.7
11.7,55687,12.0,27.2,5.0,302.7
9.3,73468,7.6,17.7,3.7,302.7
11.8,53143,11.8,22.7,5.4,302.7
10.9,57786,8.8,22.0,2.9,302.7
11.8,56950,11.3,14.6,5.5,302.7
10.4,60579,11.5,23.4,2.9,302.7
11.7,54438,10.0,23.9,2.9,302.7
12.3,46281,14.9,17.6,6.1,302.7
11.8,52445,9.5,19.1,3.6,302.7
10.7,61015,8.6,29.8,3.1,302.7
12.0,52058,10.4,19.3,3.8,302.7
9.7,67269,7.8,22.4,4.1,302.7
11.7,51305,10.1,18.4,3.0,302.7
9.8,57690,12.1,25.4,2.9,302.7
9.9,61959,7.1,17.9,3.1,302.7
15.7,43162,20.9,12.2,4.6,302.7
10.8,58105,8.2,19.0,5.8,302.7
11.4,50821,13.7,20.1,3.1,302.7
10.5,66557,7.5,18.8,3.5,302.7
11.4,53289,12.4,15.3,4.8,302.7
10.9,57471,10.1,17.1,4.7,302.7
10.6,53387,11.6,21.7,2.7,302.7
11.3,59938,8.2,18.9,3.7,302.7
8.4,66209,8.7,32.6,2.2,302.7
12.0,55766,10.8,15.3,2.6,302.7
11.1,48799,10.9,18.4,4.3,302.7
8.2,76001,7.1,44.0,2.3,302.7
10.9,53778,10.3,25.1,3.6,302.7
9.7,57494,9.2,20.1,4.2,302.7
11.7,50387,12.0,14.5,4.8,302.7
11.1,55378,10.4,21.4,2.9,302.7
10.3,60180,12.0,24.1,3.7,302.7
10.4,60975,8.4,21.9,2.6,302.7
9.4,62937,14.6,41.9,2.7,302.7
11.3,54412,10.7,16.9,5.2,302.7
11.3,56760,9.4,18.6,3.6,302.7
11.1,59787,10.5,14.4,3.9,302.7
8.7,67024,9.6,27.5,2.8,302.7
10.1,63503,8.9,23.0,2.3,302.7
10.3,60239,8.5,19.3,3.3,302.7
9.5,53833,14.7,28.7,3.7,302.7
7.7,101427,5.2,39.3,2.5,302.7
7.7,81850,6.5,27.4,3.2,302.7
10.3,66209,7.1,16.7,3.2,302.7
8.4,60843,12.4,27.8,2.9,302.7
9.9,65323,9.6,25.0,2.9,302.7
8.7,61929,11.2,29.3,2.4,302.7
11.5,51552,10.2,18.0,3.7,302.7
11.5,58113,12.4,15.5,3.9,302.7
11.7,49773,13.1,17.0,3.2,302.7
10.4,63633,7.4,21.9,2.9,302.7
11.5,46312,14.4,13.6,5.2,302.7
9.9,58335,9.2,20.5,4.1,302.7
8.5,95840,4.2,43.2,2.5,302.7
11.9,51962,10.7,15.3,3.5,302.7
10.6,61387,9.4,23.5,3.0,302.7
8.9,56076,13.0,29.8,2.6,302.7
8.1,87377,4.9,28.4,3.0,302.7
11.0,56528,11.7,16.1,3.0,302.7
19.6,33392,29.4,17.8,6.2,191.3
14.1,40010,18.2,16.4,4.1,191.3
19.1,38092,22.2,13.1,6.0,191.3
17.0,36761,23.7,13.6,5.7,191.3
17.0,35184,22.1,10.3,5.6,191.3
18.6,33116,29.4,23.8,6.1,191.3
16.7,39176,21.3,11.3,4.3,191.3
16.1,42588,17.9,14.5,5.5,191.3
16.9,37429,20.3,12.4,5.0,191.3
16.5,38479,20.4,17.7,4.8,191.3
20.1,29631,36.3,19.1,9.2,191.3
16.0,41495,21.6,11.7,5.6,191.3
17.9,38121,21.9,20.1,6.0,191.3
20.0,29380,35.9,17.1,6.8,191.3
17.3,38664,26.5,14.2,5.5,191.3
15.7,36083,26.5,17.4,4.4,191.3
11.7,68126,9.0,24.1,3.8,191.3
12.9,39061,24.0,27.6,4.4,191.3
16.2,39508,20.1,15.3,6.0,191.3
12.5,47246,16.1,12.6,6.4,191.3
12.5,42022,22.6,8.6,6.2,191.3
16.4,39633,22.3,19.7,4.3,191.3
13.2,49843,17.5,23.2,5.0,191.3
13.1,45355,20.0,22.3,4.5,191.3
15.0,44776,19.4,29.1,4.6,191.3
21.9,26449,33.2,9.9,8.9,191.3
22.8,28542,37.0,14.4,8.4,191.3
20.6,26936,40.5,6.7,9.0,191.3
13.3,45720,13.7,13.4,4.1,191.3
13.0,51771,17.9,20.8,5.5,191.3
18.4,36987,19.0,14.5,5.8,191.3
24.0,28024,35.5,15.0,13.3,191.3
20.3,31739,26.0,13.9,6.7,191.3
14.8,42435,19.9,20.5,4.8,191.3
19.2,33437,27.5,11.0,7.4,191.3
9.8,49381,18.0,43.9,3.9,191.3
10.9,58377,14.0,35.2,3.6,191.3
14.4,40077,25.5,20.0,5.0,191.3
15.4,40510,18.7,15.6,6.0,191.3
17.4,37212,25.4,12.8,4.9,191.3
12.7,51088,13.1,23.9,3.9,191.3
19.2,29244,35.1,17.5,6.8,191.3
15.1,43478,19.1,16.0,4.7,191.3
14.6,44348,23.1,23.7,4.8,191.3
10.8,75740,9.4,47.7,3.7,191.3
17.0,36408,27.2,12.1,5.1,191.3
16.6,40285,20.9,13.7,5.0,191.3
15.9,44681,16.4,17.2,4.9,191.3
18.1,36311,22.9,20.4,5.3,191.3
16.5,36236,26.9,12.2,4.9,191.3
14.9,40792,21.2,16.6,4.9,191.3
19.2,32167,29.0,13.5,6.7,191.3
10.4,39130,27.3,43.5,4.7,191.3
16.6,39198,21.8,14.9,5.9,191.3
13.5,45268,18.1,16.4,4.7,191.3
15.4,39687,22.0,11.0,5.9,191.3
18.4,33983,30.6,15.5,5.7,191.3
13.8,44297,16.5,15.9,3.9,191.3
15.2,41281,19.8,12.2,4.3,191.3
22.4,27767,37.6,11.4,7.6,191.3
11.0,66296,9.6,29.2,3.4,191.3
17.8,38034,25.5,12.7,3.9,191.3
23.1,28887,33.6,18.7,7.0,191.3
16.8,38173,19.8,12.6,4.5,191.3
15.1,46764,16.8,12.5,4.4,191.3
13.1,44622,20.1,14.5,5.4,191.3
18.8,31329,32.6,15.4,7.8,191.3
17.6,32692,33.4,11.4,5.3,191.3
13.8,48082,17.6,17.4,4.9,191.3
14.4,39833,16.9,15.5,4.3,191.3
14.5,41455,15.2,10.0,4.6,191.3
16.7,33143,26.5,16.8,5.3,191.3
13.2,46600,13.4,14.8,3.5,191.3
18.2,33566,23.4,13.4,6.5,191.3
15.5,46049,19.2,23.3,5.5,191.3
19.6,33991,32.6,18.8,7.1,191.3
16.1,37401,21.4,16.0,5.4,191.3
14.3,43349,18.1,17.3,5.0,191.3
20.8,29900,30.3,13.8,8.5,191.3
18.2,39498,21.0,16.6,5.6,191.3
17.1,39551,18.1,14.2,5.0,191.3
16.7,33111,37.1,14.6,5.5,191.3
9.6,40395,23.9,30.0,3.5,273.1
10.8,57459,8.2,23.8,2.7,273.1
12.6,49122,11.8,22.5,2.5,273.1
12.3,44340,16.7,14.5,3.1,273.1
14.3,42457,18.8,14.5,3.0,273.1
13.6,41583,17.6,18.1,3.1,273.1
12.7,45955,14.2,14.9,3.8,273.1
16.4,40025,20.2,13.4,4.5,273.1
14.1,44233,15.6,9.4,3.6,273.1
8.4,55136,16.8,46.0,2.3,273.1
12.4,52506,15.6,20.7,3.0,273.1
14.1,38067,20.5,13.8,4.6,273.1
13.1,47591,14.4,18.3,3.1,273.1
11.1,53970,11.7,22.2,2.9,273.1
14.5,48580,12.6,21.8,4.2,273.1
10.6,51962,13.8,30.5,2.8,273.1
13.6,47049,12.3,17.0,3.1,273.1
13.5,34134,22.6,16.5,5.1,273.1
10.5,71374,8.1,26.1,3.1,273.1
14.6,37288,17.9,15.3,3.4,273.1
13.4,48421,13.4,18.4,2.8,273.1
10.4,58057,8.6,28.2,2.6,273.1
13.0,46832,14.9,13.5,3.9,273.1
9.5,68943,7.0,32.7,2.9,273.1
11.6,58641,9.0,19.4,3.2,273.1
10.7,62817,8.9,32.9,2.5,273.1
11.3,52513,14.0,21.4,3.1,273.1
14.3,42774,15.9,11.2,3.9,273.1
15.1,41381,16.8,13.6,2.7,273.1
13.8,38765,16.6,12.4,3.9,273.1
13.1,51255,14.9,18.1,3.0,273.1
12.0,48920,16.0,15.3,3.1,273.1
14.6,39392,20.3,14.6,3.3,273.1
16.3,36762,19.7,10.5,4.6,273.1
15.7,37331,26.1,13.1,5.5,273.1
11.0,58738,9.2,20.1,3.1,273.1
12.5,52282,11.8,18.9,2.9,273.1
12.7,43731,15.5,18.0,2.4,273.1
11.2,44799,15.5,30.2,2.6,273.1
12.5,40315,16.6,18.8,3.6,273.1
15.0,40639,15.5,16.2,3.1,273.1
14.0,44978,16.8,15.5,3.6,273.1
17.0,35025,17.8,10.0,4.1,273.1
13.7,47191,13.3,19.8,2.4,273.1
12.1,45767,13.1,24.4,2.8,273.1
14.0,36762,21.3,16.5,3.6,273.1
14.5,37755,19.9,10.9,5.4,273.1
11.7,55864,13.0,30.9,3.7,273.1
11.4,46596,16.6,22.9,2.7,273.1
10.6,65150,8.7,20.2,3.1,273.1
8.8,52151,14.1,28.4,3.7,273.1
13.5,39309,16.6,15.8,2.8,273.1
12.8,44562,15.4,14.7,3.7,273.1
12.2,53389,11.0,20.1,3.2,273.1
13.1,45074,15.5,15.3,3.0,273.1
12.1,48179,15.4,14.0,2.8,273.1
10.8,62238,10.6,15.9,3.3,273.1
12.7,44992,16.7,15.4,4.7,273.1
12.0,48749,15.6,19.3,2.5,273.1
14.0,40204,17.9,11.8,3.0,273.1
13.6,45440,13.9,15.7,2.9,273.1
13.0,40191,16.6,15.1,3.6,273.1
13.2,46371,13.9,14.1,3.3,273.1
12.1,49393,13.5,20.9,3.1,273.1
12.8,46014,12.2,18.0,3.1,273.1
12.7,47225,16.9,16.6,3.7,273.1
16.0,34735,26.8,12.4,3.8,273.1
11.0,57047,11.7,19.0,3.0,273.1
13.9,46216,13.6,12.8,3.6,273.1
13.9,48951,14.3,13.7,2.9,273.1
15.5,45276,16.3,12.9,4.3,273.1
16.2,38093,18.3,12.7,4.8,273.1
12.3,49220,16.0,19.7,3.0,273.1
9.3,46698,19.8,27.8,2.9,273.1
16.2,32720,23.8,12.2,3.5,273.1
10.8,58855,9.2,18.9,2.4,273.1
17.9,34367,22.0,12.2,5.2,273.1
16.4,31831,29.1,12.1,5.5,273.1
11.7,53871,10.9,16.0,2.3,273.1
12.3,45254,16.6,18.4,4.1,273.1
10.8,43079,18.1,29.5,3.1,273.1
12.2,43591,15.9,16.1,3.6,273.1
9.2,82567,5.8,41.8,2.6,273.1
11.8,45336,16.2,20.3,3.6,273.1
7.9,52532,15.2,25.9,3.6,273.1
14.3,40866,14.4,18.9,3.4,273.1
12.5,57549,9.1,13.6,2.8,273.1
11.7,44975,17.6,15.3,3.8,273.1
12.3,58693,9.9,13.9,3.6,273.1
14.6,36592,20.3,11.1,3.1,273.1
15.6,32802,23.5,10.9,5.2,273.1
9.4,82048,5.7,37.8,2.5,273.1
15.1,37013,18.2,13.4,4.4,273.1
12.3,59043,9.8,17.7,2.8,273.1
11.9,45584,19.0,14.0,3.7,273.1
10.4,66992,10.5,43.2,3.0,273.1
12.8,43776,14.8,18.0,3.0,273.1
13.2,39463,16.9,11.6,4.1,273.1
13.5,42053,14.1,12.0,2.9,273.1
13.1,44261,19.1,14.5,3.4,273.1
16.0,32715,22.6,15.8,5.0,273.1
13.2,44564,14.3,17.0,3.0,273.1
14.0,40808,14.8,13.2,4.4,273.1
15.0,46026,13.4,18.4,4.7,273.1
14.1,41978,15.3,12.2,3.1,273.1
13.4,40887,15.4,18.4,5.2,273.1
14.8,34824,24.6,14.1,4.1,273.1
12.9,42552,17.2,17.7,3.1,273.1
12.2,62056,10.5,18.6,2.8,273.1
13.7,38591,21.7,9.4,4.4,273.1
16.6,33703,23.3,10.3,4.8,273.1
12.4,51141,14.1,16.9,3.1,273.1
13.5,43119,14.1,17.5,2.8,273.1
15.5,35293,23.9,11.4,4.1,273.1
13.4,43263,22.8,35.0,3.8,273.1
10.1,47674,13.8,35.5,3.1,247.1
16.2,40425,25.6,17.4,9.6,247.1
15.0,39237,20.8,21.8,4.3,247.1
11.1,52840,10.3,27.0,4.0,247.1
10.9,53661,11.7,32.0,3.5,247.1
11.9,47985,13.7,17.5,2.5,247.1
10.6,50054,13.4,26.0,3.6,247.1
12.8,44645,18.7,27.3,3.0,247.1
10.4,50525,12.5,22.5,3.1,247.1
11.3,44659,10.1,21.9,2.2,247.1
9.8,56167,11.4,21.0,2.7,247.1
13.1,45641,15.9,17.4,3.6,247.1
9.9,62029,9.2,17.3,1.9,247.1
11.5,49147,12.2,28.9,3.7,247.1
9.7,54382,11.2,29.9,4.8,247.1
6.8,67569,9.0,49.0,2.5,247.1
11.3,44580,16.3,16.8,2.7,247.1
16.3,37719,27.0,19.0,7.8,247.1
12.3,38782,18.9,25.9,4.6,247.1
12.3,48410,13.4,26.6,5.4,247.1
11.2,50136,13.5,24.5,3.6,247.1
10.5,68381,7.7,34.0,3.8,247.1
12.4,50197,13.3,28.6,3.4,247.1
13.3,44833,18.2,28.0,4.3,247.1
9.8,63860,10.5,38.6,3.3,247.1
11.8,42742,19.0,16.6,2.5,247.1
14.3,40602,20.3,20.2,7.4,247.1
11.3,43650,14.2,16.1,1.8,247.1
11.2,53031,9.2,28.9,3.5,247.1
13.3,44572,15.9,26.1,3.9,247.1
14.5,43458,14.0,17.3,7.2,247.1
8.2,56207,12.7,42.5,3.3,247.1
14.5,43371,15.0,14.1,4.3,247.1
10.2,61044,10.5,32.4,3.8,247.1
11.3,41009,16.2,29.0,4.2,247.1
12.8,44730,15.2,20.5,4.5,247.1
12.4,42890,17.8,24.8,4.1,247.1
12.0,47378,12.2,26.4,2.9,247.1
11.3,48966,18.1,21.0,4.1,247.1
12.8,42754,13.5,20.9,3.7,247.1
12.1,50055,15.5,27.1,4.2,247.1
9.4,67242,8.7,19.0,3.1,247.1
14.9,40179,25.4,17.1,4.6,247.1
12.6,57674,17.0,18.0,5.3,247.1
15.5,39861,16.0,17.1,6.4,247.1
11.0,51690,10.9,23.6,2.4,247.1
11.2,47302,16.7,26.4,4.0,247.1
10.9,66226,8.1,25.3,3.4,247.1
11.3,52747,10.0,25.5,3.0,247.1
11.5,48368,15.8,24.4,3.4,247.1
11.6,46326,15.1,14.5,2.6,247.1
13.4,50774,11.4,23.5,3.0,247.1
12.3,48390,13.7,20.9,3.1,247.1
13.2,38449,19.0,19.8,5.0,247.1
13.0,49532,12.0,20.8,3.4,247.1
9.2,59975,10.9,31.0,3.3,247.1
10.5,55167,11.8,24.9,2.9,239.2
12.1,55371,12.6,19.1,2.4,239.2
10.7,46862,12.9,27.9,5.0,239.2
11.9,53865,12.5,20.7,3.4,239.2
11.2,44467,16.2,22.7,4.6,239.2
11.1,51911,9.2,20.6,2.2,239.2
11.3,57952,13.7,18.2,2.8,239.2
12.7,42431,13.9,18.2,3.0,239.2
13.3,46191,12.5,19.8,3.3,239.2
8.9,59193,10.7,34.7,2.3,239.2
11.8,57548,10.8,18.1,3.3,239.2
11.0,57208,9.1,19.9,2.3,239.2
9.7,75177,7.4,27.4,3.0,239.2
10.3,64570,8.7,19.4,2.3,239.2
10.9,54866,9.5,20.8,2.2,239.2
11.6,49782,12.2,21.2,2.1,239.2
10.4,53132,11.3,26.2,2.8,239.2
11.5,56259,11.0,18.4,3.1,239.2
11.9,55787,10.4,14.5,2.3,239.2
10.5,59219,8.9,23.2,2.5,239.2
11.5,49995,12.0,20.9,2.1,239.2
12.4,55522,12.4,12.5,3.5,239.2
8.6,47487,17.1,37.0,2.7,239.2
12.5,56818,12.1,15.6,2.8,239.2
12.4,47097,11.8,15.8,3.0,239.2
11.1,54635,9.7,20.5,3.0,239.2
10.6,51682,9.8,18.6,2.7,239.2
10.1,64580,11.6,38.9,3.1,239.2
13.1,48574,14.0,19.4,2.2,239.2
11.0,56697,8.9,19.9,2.5,239.2
12.8,48778,13.4,16.6,3.0,239.2
10.9,43650,14.2,20.0,2.5,239.2
12.4,49685,12.6,18.9,2.6,239.2
11.3,49931,11.2,20.2,3.2,239.2
12.4,39192,15.1,24.9,2.3,239.2
11.9,46245,13.1,22.2,2.4,239.2
10.4,59722,9.1,26.4,2.5,239.2
12.6,56724,10.6,25.2,2.6,239.2
11.5,45221,12.8,17.4,2.6,239.2
11.0,53792,13.0,20.9,3.2,239.2
9.8,60608,6.5,26.0,2.5,239.2
12.5,49321,11.1,21.4,2.3,239.2
14.1,47047,16.2,18.1,2.2,239.2
13.1,43880,15.3,18.6,3.4,239.2
11.1,55965,12.1,21.2,2.6,239.2
12.5,46220,8.3,23.9,3.7,239.2
10.9,52292,10.2,20.5,3.0,239.2
12.6,47075,11.8,15.3,2.5,239.2
11.0,52401,13.8,16.0,3.6,239.2
10.6,64456,9.2,22.7,2.1,239.2
12.4,52086,11.9,20.7,3.0,239.2
12.7,48429,18.3,22.9,2.2,239.2
13.0,46986,12.5,18.2,2.6,239.2
12.2,47906,13.4,21.7,3.0,239.2
8.5,58618,12.4,38.8,2.5,239.2
11.1,56803,10.1,22.1,3.0,239.2
11.7,55531,9.3,19.7,2.8,239.2
12.7,47797,17.1,23.2,3.0,239.2
12.2,53207,11.6,24.9,2.5,239.2
10.2,55226,11.7,22.4,2.5,239.2
11.6,56493,10.7,17.4,2.8,239.2
12.2,49151,14.5,18.1,2.7,239.2
11.5,47279,11.7,19.8,2.4,239.2
10.3,52069,12.7,28.1,3.4,239.2
12.5,46954,11.0,19.1,2.6,239.2
10.8,60734,9.4,21.8,2.8,239.2
13.7,45487,13.8,17.5,2.5,239.2
10.0,57251,10.3,25.8,1.9,239.2
10.3,59003,9.5,25.9,2.2,239.2
10.3,57367,9.8,22.3,2.6,239.2
10.5,63656,8.5,22.2,2.6,239.2
10.9,59815,8.5,21.1,2.3,239.2
10.9,49034,11.0,18.8,2.4,239.2
12.2,47573,13.0,18.2,3.0,239.2
11.8,48260,14.6,20.9,2.4,239.2
11.1,54569,12.4,14.3,3.0,239.2
8.0,79358,5.7,40.1,2.7,239.2
10.2,67897,7.8,25.4,2.7,239.2
12.8,50247,14.3,22.4,3.2,239.2
8.6,71024,7.2,29.2,2.6,239.2
13.8,43819,16.5,23.6,2.6,239.2
12.0,47499,14.0,18.2,2.6,239.2
12.2,50861,16.7,26.6,2.6,239.2
10.6,66228,7.5,16.6,2.5,239.2
11.4,51299,10.8,19.8,2.2,239.2
11.9,48275,15.0,24.0,3.0,239.2
14.7,45405,23.9,16.7,4.0,239.2
11.6,48604,12.4,22.8,2.9,239.2
9.4,77838,6.9,30.3,2.8,239.2
8.4,55970,13.9,34.5,2.4,239.2
11.6,45058,13.2,22.6,2.8,239.2
13.3,53369,14.0,17.3,2.5,239.2
10.2,61478,9.7,28.1,2.5,239.2
11.9,58429,11.4,17.5,3.9,213.5
11.9,57155,14.0,23.9,4.8,213.5
12.0,70495,7.2,28.9,4.3,213.5
9.7,79134,8.3,18.2,3.3,213.5
18.1,50179,14.4,16.5,4.8,213.5
11.2,70036,9.5,11.7,2.7,213.5
10.9,72873,11.9,16.3,3.4,213.5
11.9,79278,11.1,11.6,3.7,213.5
11.6,55504,13.4,17.7,4.5,213.5
12.4,59732,10.5,14.0,5.4,213.5
16.1,44438,21.1,14.4,5.5,213.5
15.5,47031,15.2,11.5,5.7,213.5
11.7,42522,18.3,14.8,4.1,213.5
13.1,68236,7.6,28.7,4.4,213.5
9.8,63636,10.4,30.5,3.6,213.5
11.7,58942,13.3,14.9,3.7,213.5
12.5,56382,11.3,22.3,4.7,213.5
11.3,64777,6.9,32.4,2.5,315.1
12.7,59413,9.0,33.6,2.5,315.1
10.5,60251,10.2,32.6,2.5,315.1
13.1,44259,13.1,18.1,3.2,315.1
9.7,65163,9.0,40.5,2.1,315.1
9.9,78714,7.4,37.3,2.6,315.1
9.8,74351,7.0,35.6,2.2,315.1
9.4,93645,5.3,40.7,2.8,315.1
9.7,69919,9.7,35.6,2.3,315.1
11.5,60034,11.2,26.8,2.1,315.1
12.7,60826,12.8,27.4,5.9,306.5
9.9,100181,6.8,48.3,3.4,306.5
10.4,84470,6.2,37.5,3.8,306.5
12.0,67135,12.9,31.8,4.6,306.5
12.2,62175,10.3,31.5,8.4,306.5
13.4,51790,15.2,14.7,6.5,306.5
13.0,62875,14.9,34.8,5.2,306.5
10.1,81315,7.6,31.9,4.2,306.5
11.1,73337,14.3,40.9,3.9,306.5
9.1,112335,4.4,52.0,3.3,306.5
11.3,79979,10.9,42.0,3.7,306.5
11.2,87666,8.2,42.7,3.6,306.5
9.9,99223,6.7,44.9,3.7,306.5
8.7,112396,4.7,53.6,3.3,306.5
11.3,68483,9.7,29.2,4.3,306.5
12.3,71959,13.6,28.1,5.1,306.5
12.7,64524,11.2,20.9,5.4,306.5
9.5,119731,4.9,54.5,3.4,306.5
9.6,92284,5.2,34.9,4.0,306.5
11.6,80737,7.8,35.1,4.3,306.5
10.1,77571,6.7,31.8,3.8,306.5
11.4,51372,16.5,33.9,4.5,244.8
17.3,34777,23.3,22.2,6.4,244.8
13.3,43527,18.9,17.8,4.9,244.8
16.9,38097,28.6,13.4,6.3,244.8
15.8,41592,19.8,20.5,4.9,244.8
11.4,47202,17.2,19.8,4.1,244.8
16.5,35087,20.4,9.8,4.6,244.8
12.8,38409,24.9,27.5,5.7,244.8
12.2,58320,15.7,15.9,3.3,244.8
14.5,38341,20.7,27.3,4.9,244.8
14.3,29515,24.3,11.6,5.5,244.8
16.9,37544,16.7,24.3,5.3,244.8
15.8,39882,25.7,14.2,3.8,244.8
11.7,51656,16.1,13.0,4.1,244.8
13.1,45095,16.4,29.3,4.6,244.8
7.8,124947,3.9,66.5,3.4,244.8
16.9,30570,27.2,12.2,11.9,244.8
18.4,33976,32.3,11.6,7.1,244.8
19.9,34491,23.5,11.2,6.1,244.8
11.8,42701,20.3,19.0,4.9,244.8
16.5,33085,24.1,15.8,4.8,244.8
17.2,41511,22.0,18.5,5.2,244.8
10.9,41700,22.6,25.1,4.3,244.8
11.9,57036,12.6,30.0,5.0,244.8
13.7,46578,23.1,15.2,5.8,244.8
16.7,35292,28.2,22.7,5.9,244.8
11.5,60187,12.2,40.9,4.1,244.8
16.5,31741,25.7,20.5,7.1,244.8
15.4,33989,29.6,21.2,5.3,244.8
15.2,38405,21.4,28.0,6.5,244.8
15.1,39123,25.2,15.6,7.6,244.8
13.1,40426,20.4,12.7,3.3,244.8
14.2,46365,17.3,17.1,5.5,244.8
9.7,64536,11.3,41.3,3.7,375.1
11.7,46262,17.0,20.2,5.6,375.1
16.2,38566,27.3,19.8,5.7,375.1
11.0,50928,17.3,28.3,4.9,375.1
13.5,48017,17.1,19.1,5.3,375.1
11.4,52945,13.0,22.3,4.5,375.1
12.4,45689,18.3,21.7,5.0,375.1
12.1,52565,13.5,23.9,4.7,375.1
12.7,50312,15.1,18.3,4.7,375.1
10.9,55517,13.2,22.9,4.4,375.1
11.7,64916,11.7,31.3,3.3,375.1
9.9,51751,16.9,26.9,5.1,375.1
12.7,47382,15.9,21.9,4.8,375.1
10.5,79604,9.2,35.2,3.7,375.1
11.4,56375,13.7,33.7,4.4,375.1
11.3,54376,11.7,27.6,4.9,375.1
12.8,48722,16.7,19.4,5.2,375.1
13.1,51388,13.0,17.8,5.1,375.1
11.7,58925,9.9,21.5,4.2,375.1
12.1,54514,13.0,22.1,4.5,375.1
14.4,59020,9.1,19.3,6.8,375.1
11.3,53168,13.5,21.0,4.9,375.1
9.6,52798,12.3,22.3,5.6,375.1
11.6,60862,18.9,36.5,4.2,375.1
12.7,52660,12.2,16.3,5.5,375.1
10.7,61027,12.5,25.4,4.3,375.1
10.4,59114,10.8,27.0,4.8,375.1
10.4,60240,14.4,37.7,4.3,375.1
13.4,43799,15.8,17.5,5.1,375.1
9.9,115301,5.8,45.2,3.5,375.1
8.7,84610,15.6,60.8,3.7,375.1
12.4,55013,13.0,23.8,5.2,375.1
12.9,54096,14.8,24.7,4.4,375.1
10.8,59786,13.7,35.5,4.0,375.1
10.2,62930,8.5,34.5,3.9,375.1
10.6,75048,11.5,29.8,3.9,375.1
13.1,52658,12.6,15.9,4.9,375.1
10.8,53745,16.1,18.6,5.5,375.1
10.3,54321,12.5,30.9,4.3,375.1
9.5,100887,6.0,39.9,3.7,375.1
13.3,68432,11.6,31.5,3.6,375.1
10.4,71084,11.1,30.1,3.9,375.1
11.5,79719,11.7,33.0,4.1,375.1
11.2,88960,13.9,40.6,3.7,375.1
11.2,49356,15.1,23.6,5.6,375.1
9.4,83210,6.3,41.4,3.5,375.1
11.1,63297,11.3,31.4,4.0,375.1
11.6,57757,11.8,22.3,4.8,375.1
13.1,50190,13.5,22.3,5.1,375.1
11.9,54184,12.6,20.9,3.9,375.1
12.8,54862,12.8,23.1,4.9,375.1
10.7,100075,7.3,35.6,3.9,375.1
12.6,51985,16.2,23.2,4.1,375.1
11.5,60309,10.2,25.5,4.4,375.1
7.8,57383,16.8,52.7,3.6,375.1
11.2,63073,14.3,32.2,3.9,375.1
11.0,56694,10.8,30.0,4.6,375.1
12.1,55913,11.4,20.4,4.1,375.1
12.3,61118,9.6,22.3,4.2,375.1
10.4,94521,8.3,48.2,3.9,375.1
11.6,57709,9.9,16.5,4.6,375.1
12.5,51089,12.7,24.4,3.8,375.1
12.9,50480,13.5,24.0,3.7,255.0
13.2,49138,13.0,14.7,3.2,255.0
16.5,39735,18.7,16.7,4.5,255.0
16.3,38023,20.5,9.6,4.5,255.0
13.6,41864,16.9,19.0,3.6,255.0
12.8,41701,16.8,20.6,3.6,255.0
15.9,46411,18.1,19.4,4.6,255.0
19.4,35433,23.5,13.4,4.9,255.0
18.0,36976,29.1,15.1,5.3,255.0
14.0,60163,10.5,28.6,5.2,255.0
10.6,53960,11.5,39.2,3.0,255.0
13.3,44946,14.0,16.6,3.6,255.0
10.7,69297,9.0,31.2,3.6,255.0
14.0,43328,15.9,15.3,3.8,255.0
12.1,65955,8.3,17.9,3.7,255.0
13.4,55052,9.8,28.4,4.3,255.0
16.1,45517,17.1,15.5,4.4,255.0
12.2,53738,13.0,21.9,3.5,255.0
12.8,73703,9.3,41.3,3.3,255.0
15.0,41262,18.8,19.2,4.4,255.0
16.8,42618,17.2,19.8,4.4,255.0
15.1,42878,14.6,22.8,4.3,255.0
14.5,42728,19.1,17.4,4.0,255.0
16.5,36862,25.3,13.1,5.0,255.0
12.2,50748,14.9,25.7,4.2,255.0
12.0,46779,17.0,25.0,5.1,255.0
11.2,64426,9.7,23.1,3.6,255.0
11.2,64768,8.3,33.0,5.1,255.0
13.2,47758,15.0,18.5,3.7,255.0
12.3,60801,10.8,22.9,3.4,255.0
17.3,42725,20.4,11.1,4.3,255.0
10.7,59329,13.5,47.5,3.5,255.0
19.0,38818,22.9,12.7,6.8,255.0
12.6,50112,16.4,33.8,3.8,255.0
13.7,57710,12.7,21.3,4.0,255.0
12.4,52798,14.2,20.6,3.9,255.0
14.7,51746,15.2,14.4,4.0,255.0
14.8,39502,18.9,13.5,5.9,255.0
14.0,58956,13.0,22.3,3.4,255.0
16.3,43591,23.5,10.5,3.9,255.0
12.4,52166,15.4,35.3,4.1,255.0
19.3,36760,22.0,14.4,6.1,255.0
12.2,51225,14.4,20.7,4.6,255.0
12.6,47183,13.1,25.0,3.4,255.0
12.4,54012,9.7,31.8,3.2,255.0
18.4,38216,23.2,14.6,5.0,255.0
13.0,47892,18.0,18.4,5.0,255.0
15.8,40653,22.2,9.4,8.3,255.0
11.6,60044,9.5,27.5,3.6,255.0
11.5,44502,16.7,30.5,4.1,255.0
12.0,60296,11.7,21.8,3.6,255.0
18.1,43302,16.2,13.1,4.2,255.0
13.6,48984,15.7,20.9,4.3,255.0
17.3,40433,22.1,14.5,4.0,255.0
12.0,62963,10.3,21.4,3.4,255.0
13.3,43972,15.4,16.9,3.4,255.0
14.3,46426,16.3,24.2,3.9,255.0
12.4,44693,17.0,27.6,3.6,255.0
18.2,43569,20.3,16.8,5.0,255.0
9.5,64509,11.7,44.8,3.7,255.0
13.7,43967,16.1,18.8,4.5,255.0
15.6,47757,16.7,14.7,4.0,255.0
12.1,59471,10.5,36.9,3.8,255.0
15.0,50122,14.2,20.9,5.1,255.0
10.5,53419,15.3,39.3,3.7,255.0
20.5,37233,21.4,12.8,5.1,255.0
8.4,50531,15.1,21.4,4.7,255.0
8.9,71920,12.4,57.6,3.3,255.0
16.1,46447,16.6,19.4,4.1,255.0
13.9,46355,18.2,20.5,4.8,255.0
12.7,54900,15.1,26.4,4.1,255.0
16.1,48337,15.8,20.4,4.8,255.0
14.9,50149,14.8,15.3,4.1,255.0
11.7,43303,23.2,31.8,4.2,255.0
13.6,50467,11.8,31.7,3.7,255.0
13.3,48372,13.8,15.8,3.7,255.0
16.3,38514,19.9,13.9,5.5,255.0
18.0,35407,24.5,13.2,5.9,255.0
14.9,41869,17.9,15.0,4.5,255.0
12.9,46864,16.3,18.7,3.9,255.0
14.6,42831,19.1,17.3,5.1,255.0
17.1,42807,22.8,12.8,4.0,255.0
17.5,36730,26.9,15.5,7.4,255.0
12.7,51491,13.2,15.8,3.6,255.0
13.5,50826,12.1,13.3,3.6,255.0
13.9,46342,16.0,16.8,3.5,255.0
15.1,43121,15.2,16.0,4.3,255.0
13.9,51398,12.8,31.5,3.8,255.0
17.2,36765,25.2,9.7,6.3,255.0
10.4,80428,7.0,34.8,3.4,255.0
18.0,40263,26.3,12.9,5.7,255.0
9.1,80169,8.4,51.8,3.4,255.0
19.6,38430,19.8,15.5,5.9,255.0
19.5,36042,21.1,11.3,5.9,255.0
9.6,48489,21.2,41.6,3.5,255.0
15.0,41572,20.2,19.5,4.3,255.0
14.5,44080,18.9,15.5,3.7,255.0
15.9,44015,21.1,19.6,6.1,255.0
13.9,49070,13.0,11.3,3.4,255.0
14.2,44756,17.8,20.0,3.6,255.0
12.2,53162,10.4,28.6,2.1,237.6
11.1,54984,12.3,27.2,2.7,237.6
16.4,42407,30.8,15.6,3.9,237.6
11.0,76235,9.0,26.3,2.8,237.6
11.8,59161,11.6,23.7,3.3,237.6
10.9,62270,8.7,24.3,1.9,237.6
11.5,63261,9.3,22.3,2.4,237.6
8.7,72277,7.4,35.1,2.6,237.6
7.8,63885,10.4,39.4,2.3,237.6
11.9,60314,10.6,21.2,2.6,237.6
10.6,53286,11.1,26.7,1.8,237.6
13.0,58715,10.0,18.4,1.3,237.6
11.1,66383,10.4,21.0,1.6,237.6
12.7,51327,10.6,24.3,4.9,237.6
13.6,47976,13.3,16.5,4.8,237.6
11.4,58096,8.7,24.1,2.6,237.6
11.9,58075,11.2,28.1,2.0,237.6
8.9,54311,12.9,34.5,2.3,237.6
13.7,41295,14.5,17.4,2.6,237.6
12.9,54250,9.2,25.9,2.3,237.6
12.1,51455,12.4,14.4,2.0,237.6
13.3,45401,14.5,17.9,4.4,237.6
12.8,54514,11.4,24.0,1.9,237.6
12.6,50141,12.9,16.4,2.6,237.6
11.1,54795,11.9,19.8,3.9,237.6
13.9,47288,13.6,16.8,2.7,237.6
8.9,76224,9.2,26.1,1.7,237.6
12.1,64524,9.2,20.5,3.3,237.6
11.0,82303,7.2,21.6,4.2,237.6
9.9,68043,8.1,26.3,3.3,237.6
10.9,67162,10.4,20.6,1.6,237.6
12.8,50093,10.8,22.7,3.4,237.6
12.2,68243,10.2,18.7,4.1,237.6
12.2,58766,10.3,20.4,3.9,237.6
12.4,47360,11.6,19.2,3.2,237.6
11.9,54814,12.3,26.1,2.9,237.6
11.5,61634,8.7,19.7,1.9,237.6
11.3,60205,8.2,17.8,2.4,237.6
10.3,61174,11.6,21.6,2.6,237.6
18.3,42021,24.7,20.0,9.4,237.6
11.1,64756,7.8,17.5,1.9,237.6
15.2,39439,16.6,10.9,4.7,237.6
18.2,37002,32.9,16.2,4.1,237.6
11.4,49843,12.7,26.5,2.3,237.6
8.7,71888,8.2,22.9,2.4,237.6
11.0,66929,7.8,27.5,2.0,237.6
10.2,57002,11.4,23.5,2.5,237.6
13.8,51848,9.3,18.2,2.6,237.6
10.5,59931,8.2,26.8,2.6,237.6
12.6,59705,10.9,16.8,3.2,237.6
8.3,63938,10.8,28.3,2.9,237.6
13.0,58261,11.4,22.1,3.0,237.6
8.6,79354,6.5,24.8,2.0,237.6
15.6,42154,19.7,12.9,7.1,292.7
13.0,50301,14.4,17.8,4.5,292.7
12.3,54362,10.4,21.1,4.6,292.7
14.5,46950,17.4,14.1,5.3,292.7
10.3,40416,30.7,29.7,5.8,292.7
11.7,63754,6.9,18.9,3.3,292.7
13.7,48989,13.0,16.2,5.5,292.7
13.3,55334,11.8,14.2,5.4,292.7
11.0,61053,12.4,29.8,4.1,292.7
13.8,50002,12.9,13.6,5.3,292.7
12.5,57701,10.0,14.9,3.8,292.7
13.9,50089,14.9,18.6,4.6,292.7
12.0,65280,8.2,28.0,4.1,292.7
12.2,53947,11.8,18.7,5.3,292.7
14.1,44938,15.1,14.8,5.2,292.7
13.8,46420,15.4,12.5,6.2,292.7
13.9,44715,14.0,14.8,5.2,292.7
13.3,50006,17.9,31.9,5.2,292.7
13.3,53853,9.5,14.7,3.9,292.7
12.3,56740,9.1,16.7,4.4,292.7
9.4,103536,4.1,54.4,3.4,292.7
13.5,53135,10.6,22.7,5.6,292.7
11.6,67654,9.3,27.2,4.0,292.7
13.4,47733,15.1,16.1,4.1,292.7
11.3,60383,15.5,39.3,3.8,292.7
12.2,62800,7.9,17.2,4.4,292.7
14.5,43785,22.1,15.3,6.1,292.7
11.7,84093,5.7,38.1,4.3,292.7
11.0,68380,11.6,39.0,4.0,292.7
14.2,44623,18.8,14.2,5.5,292.7
12.8,57300,15.4,37.1,4.1,292.7
11.3,61579,9.9,26.7,3.4,292.7
12.1,49580,14.7,16.6,4.4,292.7
14.7,50301,15.3,10.1,5.3,292.7
12.1,57705,10.8,18.0,4.9,292.7
14.6,49161,15.4,12.6,5.5,292.7
13.5,50568,14.1,14.8,5.1,292.7
11.8,60828,9.4,8.9,3.3,292.7
12.4,55202,11.1,13.6,5.9,292.7
14.7,44726,16.8,15.3,6.6,292.7
14.3,42821,19.0,15.3,6.3,292.7
11.8,56885,13.8,22.8,4.3,292.7
11.8,65883,7.5,27.9,4.7,292.7
14.4,43031,18.8,14.3,5.6,292.7
11.5,66145,9.1,26.2,4.0,292.7
12.7,61699,11.4,16.0,3.7,292.7
13.7,59265,14.2,24.0,5.4,292.7
12.6,47865,18.7,26.3,5.3,292.7
11.8,61645,10.7,16.9,3.8,292.7
14.9,48010,16.5,24.1,5.9,292.7
13.4,45419,16.5,13.1,4.4,292.7
10.5,76475,6.5,33.3,4.3,292.7
15.3,44286,17.8,12.8,7.3,292.7
12.0,62782,7.6,16.7,2.8,292.7
11.7,59922,7.9,22.6,3.9,292.7
15.0,46314,14.1,11.9,7.8,292.7
13.5,51071,16.9,27.4,4.5,292.7
15.5,40557,17.0,11.3,6.0,292.7
12.9,60452,11.9,13.5,4.5,292.7
12.5,49586,16.6,15.5,5.3,292.7
16.7,48792,18.1,10.3,6.7,292.7
13.4,58345,9.5,22.4,6.3,292.7
12.6,53876,10.3,14.1,4.1,292.7
12.9,51534,16.4,12.3,5.6,292.7
11.7,58742,12.1,18.6,4.3,292.7
14.7,45163,20.5,13.8,6.5,292.7
10.4,63689,11.3,28.7,4.6,292.7
12.4,53904,9.7,15.8,4.1,292.7
10.9,64304,5.5,20.3,3.4,292.7
13.6,49668,14.4,17.8,4.9,292.7
13.9,49385,18.4,16.6,4.6,292.7
13.0,53978,10.0,16.0,4.5,292.7
14.7,41267,22.6,15.0,6.8,292.7
13.2,52165,12.1,15.2,4.4,292.7
11.8,63398,9.0,17.4,3.8,292.7
13.1,52310,14.4,22.8,4.9,292.7
12.6,58890,12.0,32.1,4.7,292.7
13.5,47424,17.6,18.5,6.2,292.7
13.0,51030,12.3,15.8,4.6,292.7
9.5,84861,5.0,33.0,3.5,292.7
12.6,54331,8.4,16.2,3.5,292.7
14.4,43457,19.0,11.5,6.2,292.7
9.9,87391,5.2,42.3,3.9,292.7
13.5,50904,15.9,19.2,5.6,292.7
11.7,59142,9.4,21.9,3.6,292.7
13.1,54581,9.7,15.0,3.6,292.7
10.5,64282,11.9,33.1,4.0,292.7
12.8,55995,8.0,15.7,3.2,292.7
18.6,35156,24.6,11.6,4.2,206.7
12.5,52952,15.2,20.2,2.2,206.7
15.1,39702,20.8,15.0,4.1,206.7
13.6,52550,11.2,19.7,2.0,206.7
11.9,47825,16.3,17.3,2.6,206.7
14.6,49513,16.0,16.6,2.0,206.7
13.2,43445,16.6,22.8,3.1,206.7
15.1,48533,19.5,16.3,3.6,206.7
10.0,70942,7.3,26.8,2.8,206.7
13.5,48660,17.7,20.6,3.5,206.7
14.2,42913,21.0,25.0,4.2,206.7
18.4,35308,23.0,12.3,5.0,206.7
15.2,46777,16.4,22.6,1.9,206.7
9.9,62343,11.9,32.5,2.9,206.7
15.7,39396,22.6,17.6,3.8,206.7
12.4,51382,16.7,22.5,3.9,206.7
14.5,43386,16.2,13.2,3.1,206.7
15.7,43074,19.5,14.8,3.5,206.7
13.1,54478,14.0,16.3,3.8,206.7
11.7,49577,18.2,25.5,2.4,206.7
17.2,40287,20.7,17.6,3.9,206.7
13.5,50728,12.1,24.5,1.9,206.7
14.1,51867,12.7,20.0,2.2,206.7
11.8,52387,15.2,22.4,3.0,206.7
13.6,47858,15.1,14.5,3.3,206.7
11.8,56489,10.1,19.7,3.1,206.7
12.3,49073,12.7,23.1,2.1,206.7
13.9,37445,26.0,13.5,4.0,206.7
15.2,38537,23.9,21.3,2.9,206.7
12.7,55112,11.0,22.0,2.3,206.7
15.5,37776,23.3,14.7,5.1,206.7
15.6,37566,24.6,12.9,4.2,206.7
12.2,47747,15.3,20.9,3.0,206.7
16.5,37338,24.7,13.9,3.4,206.7
14.7,39756,19.5,17.2,2.9,206.7
13.5,45700,20.4,19.1,4.7,206.7
11.8,59266,9.9,23.6,2.1,206.7
15.4,37831,16.9,17.4,4.2,206.7
15.5,38284,17.9,17.2,6.0,206.7
14.6,38709,22.6,15.1,4.6,206.7
13.1,48039,14.7,15.1,3.5,206.7
11.4,69114,10.4,27.6,3.0,206.7
13.9,48725,14.6,14.5,2.1,206.7
11.0,65831,9.1,24.2,2.8,206.7
15.9,37390,21.1,13.2,5.5,206.7
17.6,37468,23.9,14.2,5.9,206.7
12.6,56102,10.8,19.4,2.1,206.7
15.6,42258,18.0,15.7,3.8,206.7
15.0,50951,15.5,14.6,3.4,206.7
14.2,50031,14.9,18.5,2.9,206.7
14.9,43911,15.6,19.5,4.0,206.7
12.7,54210,12.9,21.1,2.6,206.7
14.9,45734,16.5,10.7,4.2,206.7
16.3,37545,26.1,11.6,4.8,206.7
12.2,52346,16.9,31.8,3.3,206.7
15.1,42354,21.5,14.1,4.9,206.7
14.8,48826,15.1,17.6,4.3,206.7
15.2,38194,20.6,14.1,3.5,206.7
14.4,46949,14.7,16.1,4.1,206.7
9.2,47748,22.8,36.9,2.9,206.7
14.3,42376,19.7,15.5,3.9,206.7
11.9,48450,15.3,28.1,3.1,206.7
13.0,48499,17.6,18.3,3.7,206.7
16.0,37026,19.7,15.0,5.2,206.7
13.9,53871,13.9,18.5,2.4,206.7
11.2,61849,9.8,24.3,3.3,206.7
15.3,37901,18.6,14.1,4.7,206.7
16.4,38998,18.8,13.3,4.3,206.7
13.9,46512,15.0,17.4,3.9,206.7
12.4,51812,12.7,22.3,2.8,206.7
16.1,41186,21.1,17.7,3.7,206.7
12.0,55796,14.1,31.2,3.3,206.7
12.4,62889,10.0,23.3,3.3,206.7
12.7,53992,13.0,28.6,3.9,206.7
12.6,47484,17.8,20.4,3.1,206.7
9.9,51715,15.2,30.6,2.2,206.7
11.5,55134,14.8,19.8,2.8,206.7
13.5,45972,15.4,22.3,5.5,303.4
8.3,63600,15.8,53.6,3.2,303.4
9.6,81061,7.3,36.8,3.8,303.4
11.9,53806,11.0,24.6,4.1,303.4
11.7,63338,10.2,17.8,5.1,303.4
14.8,48352,15.9,17.9,5.4,303.4
14.0,51348,12.9,16.6,6.0,303.4
14.5,48788,14.9,24.0,6.1,303.4
10.2,67372,9.4,34.2,4.2,303.4
13.5,47020,15.0,17.2,5.4,303.4
13.7,54325,11.4,20.2,3.9,303.4
14.3,46141,16.4,18.8,7.3,303.4
13.6,43370,15.1,17.0,6.2,303.4
11.0,66607,10.9,31.6,3.3,303.4
12.2,55511,14.8,27.4,4.8,303.4
13.9,50376,16.0,18.4,5.5,303.4
14.7,46578,17.0,17.2,5.5,303.4
13.0,45374,18.5,19.4,6.4,303.4
14.7,44847,18.3,15.4,5.7,303.4
11.0,53161,18.1,29.6,4.5,303.4
13.9,49265,13.6,24.1,4.9,303.4
11.3,54292,12.7,19.5,4.7,303.4
13.7,42624,21.0,13.8,4.6,303.4
12.0,56408,14.5,22.8,4.3,303.4
13.7,55343,15.4,10.9,4.3,303.4
9.1,70756,12.0,44.5,3.7,303.4
10.6,62389,12.7,30.1,4.4,303.4
13.0,58838,13.9,19.5,4.1,303.4
13.1,52486,13.2,21.0,4.4,303.4
12.4,53917,15.8,16.2,4.9,303.4
12.1,50616,13.9,24.8,5.4,303.4
13.5,48137,14.5,24.7,6.1,303.4
12.2,52269,13.4,20.5,4.3,303.4
9.5,82819,8.8,43.7,3.5,303.4
16.5,39579,19.2,14.0,3.5,303.4
11.2,61776,12.2,26.5,3.8,303.4
11.5,62877,8.0,22.4,3.3,320.5
10.3,59881,11.7,40.7,4.0,320.5
13.1,49436,9.2,16.2,5.0,320.5
11.5,54823,11.2,23.7,4.5,320.5
13.3,50257,10.5,14.2,4.5,320.5
11.2,62519,11.4,24.5,4.2,320.5
11.7,49244,14.4,20.8,4.2,320.5
12.4,50978,12.5,17.8,4.4,320.5
10.7,88538,5.7,40.5,3.7,320.5
10.0,67161,8.7,35.4,3.9,320.5
12.8,45163,14.7,21.4,5.2,320.5
14.2,41770,13.9,15.9,5.0,320.5
12.4,53901,11.9,16.8,5.1,320.5
8.5,58258,18.1,44.7,3.2,320.5
9.2,99224,6.7,51.8,3.2,320.5
11.4,46284,15.3,22.7,4.7,320.5
13.0,46706,15.4,14.3,5.0,320.5
11.5,50999,12.3,19.0,5.3,320.5
11.2,50774,12.3,22.5,4.8,320.5
12.5,50805,13.4,20.8,4.7,320.5
10.2,71695,7.3,35.8,3.3,320.5
11.4,57979,13.2,30.5,4.0,320.5
10.6,71961,8.8,38.3,4.0,320.5
12.4,54876,9.2,18.6,3.9,320.5
11.4,48453,15.3,27.7,4.7,320.5
13.3,50381,14.6,16.2,5.8,320.5
13.3,41750,24.0,7.4,6.2,320.5
11.8,60744,11.0,21.0,3.7,320.5
12.6,52277,11.5,13.4,3.9,320.5
12.0,50956,15.9,18.2,4.9,320.5
12.4,49019,13.7,16.9,5.3,320.5
11.6,47999,15.5,22.6,4.9,320.5
12.9,46751,14.4,16.4,4.6,320.5
12.8,54342,9.4,14.2,4.0,320.5
11.5,52872,14.2,27.7,4.6,320.5
11.1,66270,7.9,26.9,3.4,320.5
12.4,48418,15.8,21.4,5.1,320.5
11.8,61087,10.0,20.3,3.8,320.5
11.1,62139,12.0,29.4,4.6,320.5
11.9,53469,14.3,23.2,5.4,320.5
11.4,53820,13.0,22.8,4.8,320.5
12.2,46529,16.8,18.1,4.8,320.5
12.4,48788,15.3,22.6,4.7,320.5
13.2,47648,15.1,12.5,4.7,320.5
12.5,63318,12.3,24.4,5.4,320.5
9.4,90155,5.9,48.7,3.4,320.5
11.1,61314,10.1,32.8,3.5,320.5
10.9,68217,10.2,29.2,4.4,320.5
12.7,47243,13.3,16.0,5.2,320.5
11.5,62366,9.8,16.4,3.7,320.5
13.2,46149,24.3,28.6,5.5,320.5
12.1,62657,10.3,28.0,5.4,320.5
13.7,44883,14.8,15.5,5.3,320.5
12.4,48809,13.0,16.2,5.2,320.5
11.5,56991,10.7,18.4,3.9,320.5
12.7,50504,12.0,15.5,5.1,320.5
13.8,48998,14.3,17.3,5.0,320.5
13.2,52573,12.8,17.8,4.0,320.5
12.6,48799,15.0,19.1,5.2,320.5
10.2,55679,12.6,25.5,3.7,320.5
13.1,45761,15.0,17.6,4.9,320.5
12.5,50554,11.2,19.3,4.5,320.5
11.2,63119,9.0,29.5,4.3,320.5
12.7,53602,13.0,20.4,4.7,320.5
11.3,58398,9.2,28.5,4.4,320.5
11.8,57599,11.8,19.6,4.5,320.5
11.2,65238,8.8,24.2,3.9,320.5
9.1,80231,7.7,47.1,3.5,370.0
11.0,69089,7.8,32.1,3.7,370.0
9.3,77760,8.1,47.9,3.5,370.0
11.5,56141,16.1,28.1,4.4,370.0
9.4,86715,8.0,45.0,3.6,370.0
16.0,42412,19.1,15.9,4.0,229.5
13.3,52633,15.0,26.4,3.3,229.5
21.2,29124,37.3,9.4,5.8,229.5
13.8,51740,14.6,21.4,3.3,229.5
18.4,36230,26.7,18.7,6.5,229.5
17.6,38131,22.4,11.5,4.8,229.5
11.0,65843,10.9,40.3,3.2,229.5
12.4,62204,12.8,23.8,3.0,229.5
16.4,45385,18.4,19.2,4.2,229.5
11.0,62958,14.2,42.8,2.8,229.5
14.0,42542,16.8,13.8,3.6,229.5
16.2,42116,18.2,13.7,4.8,229.5
17.2,39046,20.9,10.1,3.3,229.5
17.7,36722,26.4,15.5,4.7,229.5
17.4,39079,20.0,15.2,4.0,229.5
16.2,37206,23.5,17.2,4.1,229.5
18.2,33159,32.1,11.1,4.8,229.5
12.1,65468,11.0,27.9,3.0,229.5
14.6,48818,18.5,17.8,3.5,229.5
19.2,39522,23.7,17.0,6.2,229.5
14.9,47949,18.0,23.1,3.7,229.5
16.6,46058,19.6,27.2,4.5,229.5
11.3,61162,11.1,34.2,2.9,229.5
14.3,43879,18.3,23.5,3.6,229.5
18.1,35871,25.8,11.4,3.5,229.5
14.4,49082,14.3,23.6,4.2,229.5
17.2,43125,19.0,16.9,3.0,229.5
14.6,52270,14.5,19.9,3.5,229.5
13.1,58035,13.3,26.9,3.8,229.5
16.5,42099,19.7,15.4,3.6,229.5
18.6,33199,28.1,12.3,4.6,229.5
11.1,60627,12.5,30.1,2.9,229.5
19.0,44683,18.6,20.2,3.6,229.5
18.2,34365,25.5,14.4,5.5,229.5
18.7,33534,30.0,9.4,5.1,229.5
15.7,48029,17.1,17.1,3.1,229.5
13.8,50529,14.4,24.6,3.3,229.5
17.6,37134,25.9,19.5,5.8,229.5
10.9,48794,16.6,24.5,3.4,229.5
11.0,52611,16.7,37.7,3.4,229.5
15.7,46019,14.9,16.1,3.1,229.5
12.8,53567,13.6,23.8,3.1,229.5
14.8,45181,18.7,18.5,4.0,229.5
16.2,40686,20.4,12.1,4.1,229.5
20.4,32814,26.0,12.7,5.4,229.5
10.9,64904,9.8,32.0,3.3,229.5
10.3,53107,10.2,20.6,2.9,240.4
11.3,49712,12.9,20.1,2.6,240.4
15.2,37071,32.5,18.4,4.5,240.4
11.0,50278,15.7,18.4,2.5,240.4
6.7,62109,11.8,39.2,2.8,240.4
10.3,60082,11.0,29.3,2.8,240.4
11.6,49732,15.8,24.8,2.7,240.4
18.1,25973,45.7,9.4,5.9,240.4
12.1,44388,14.3,20.6,3.3,240.4
11.4,45737,10.9,28.8,3.9,240.4
13.8,47412,20.9,17.5,3.2,240.4
11.5,48517,12.6,18.6,4.0,240.4
7.4,46378,19.5,48.4,2.9,240.4
10.1,55580,11.3,21.6,3.0,240.4
18.4,34024,33.6,17.0,4.1,240.4
12.6,58806,10.1,25.0,4.0,240.4
10.0,51724,12.0,23.9,2.6,240.4
13.2,48023,15.3,20.6,4.2,240.4
10.6,55404,9.1,23.6,4.4,240.4
16.2,41942,25.8,16.0,8.8,240.4
11.2,55159,12.1,16.9,2.7,240.4
10.4,58977,11.5,25.5,2.7,240.4
13.8,46782,13.0,21.5,3.9,240.4
11.1,49068,15.6,28.9,3.0,240.4
10.6,59813,9.9,17.4,3.2,240.4
12.8,40583,16.5,20.5,3.3,240.4
13.1,51801,11.0,15.1,2.6,240.4
9.7,65776,9.3,20.3,3.1,240.4
10.9,52568,9.8,23.3,2.3,240.4
9.2,63772,8.8,20.1,4.6,240.4
10.2,55017,10.7,26.1,2.5,240.4
9.9,70093,9.4,35.5,2.6,240.4
10.9,54434,11.5,25.5,2.8,240.4
11.8,52496,10.3,22.5,3.1,240.4
16.9,34122,32.7,20.5,4.9,240.4
11.6,47689,14.5,20.8,2.5,240.4
11.3,49609,13.2,24.0,2.7,240.4
11.0,54609,9.0,22.7,2.9,240.4
10.7,60733,10.2,32.9,3.4,240.4
9.4,51774,12.7,34.7,2.9,240.4
7.9,84889,4.4,39.4,2.3,240.4
13.8,47429,21.1,19.8,4.1,240.4
10.3,59913,9.6,23.4,2.5,240.4
13.0,39850,17.1,16.4,3.8,240.4
10.4,56862,12.0,24.0,3.8,240.4
8.5,59524,8.4,27.2,3.3,240.4
18.2,32780,35.2,13.7,4.9,240.4
11.3,50123,11.5,20.2,2.8,240.4
8.8,60033,9.6,31.9,2.6,240.4
11.5,57392,9.9,21.0,3.0,240.4
17.9,31662,54.0,11.8,10.3,240.4
10.3,58738,13.3,30.7,3.1,240.4
11.9,55626,13.7,20.0,2.9,240.4
11.7,54722,10.2,21.8,3.5,240.4
14.2,44709,21.3,17.2,4.3,240.4
10.8,54874,12.9,19.7,2.9,240.4
10.3,50590,12.6,22.2,3.5,240.4
9.4,69991,7.8,31.3,2.6,240.4
11.0,59457,8.8,25.5,2.6,240.4
18.8,31876,48.4,15.8,6.2,240.4
12.7,45710,19.9,21.5,2.6,240.4
10.7,62792,9.4,23.2,2.7,240.4
9.4,80698,5.9,30.4,3.2,240.4
11.5,48394,15.0,23.2,4.9,240.4
10.4,56535,11.0,28.2,2.6,240.4
18.3,32341,43.9,16.3,5.1,240.4
13.7,50672,16.5,23.5,3.8,253.1
13.6,49860,14.4,16.3,3.7,253.1
17.0,38940,19.2,12.6,4.9,253.1
15.0,40195,26.7,12.9,5.8,253.1
12.5,57939,9.9,24.0,3.2,253.1
13.2,50427,14.7,21.9,3.6,253.1
15.8,39443,21.6,11.9,4.8,253.1
13.9,51859,14.2,13.8,3.2,253.1
14.8,42025,18.6,17.2,4.9,253.1
15.8,39202,19.1,16.8,4.1,253.1
11.9,63241,10.3,19.6,2.7,253.1
12.8,47508,15.9,16.4,3.8,253.1
15.0,37987,23.4,15.2,4.2,253.1
18.1,34238,21.0,14.6,5.0,253.1
17.0,36192,22.5,10.8,4.7,253.1
13.3,49494,15.9,19.6,3.4,253.1
16.1,44431,19.4,13.0,3.9,253.1
15.9,46527,14.4,18.3,4.4,253.1
10.6,60799,15.4,40.3,2.6,253.1
16.2,42905,18.2,12.8,4.8,253.1
14.2,47420,17.4,15.7,4.4,253.1
12.9,56166,13.8,15.4,3.0,253.1
14.7,44302,18.4,16.9,4.6,253.1
15.7,59529,13.1,21.7,3.7,253.1
16.5,36687,20.6,13.6,4.2,253.1
13.2,50201,16.0,20.7,3.4,253.1
15.1,42720,16.5,17.8,4.5,253.1
14.5,48024,14.5,15.1,3.7,253.1
15.2,41829,18.4,10.6,4.0,253.1
15.4,44366,15.1,15.3,4.6,253.1
16.3,36317,21.2,12.1,4.4,253.1
14.5,44040,17.1,16.1,3.8,253.1
12.9,57196,13.0,31.2,3.4,253.1
16.5,30691,29.9,11.5,5.1,253.1
18.0,37834,23.5,11.4,5.0,253.1
15.9,37690,20.3,13.9,4.4,253.1
14.9,42188,18.4,14.0,4.0,253.1
19.0,39574,20.5,12.6,5.4,253.1
15.1,43491,18.0,13.8,4.7,253.1
16.0,43159,18.8,17.1,4.2,253.1
14.0,44684,16.3,11.0,3.2,253.1
14.9,44688,16.7,10.6,5.5,253.1
14.3,48056,13.6,13.3,4.3,253.1
16.0,37563,19.8,9.0,4.7,253.1
14.1,49611,13.8,16.4,3.8,253.1
15.8,35778,20.7,11.3,3.5,253.1
11.5,55874,13.2,36.7,2.9,253.1
15.5,33709,36.5,10.4,5.2,253.1
17.0,38849,24.9,8.8,5.8,253.1
14.5,43651,17.7,12.5,4.0,253.1
15.5,40541,17.5,11.5,4.4,253.1
14.4,51249,14.4,18.8,3.1,253.1
14.5,58186,9.1,26.3,3.4,253.1
15.1,46029,15.9,15.8,4.1,253.1
16.1,39859,17.4,12.7,5.4,253.1
14.1,42265,18.1,10.0,3.2,253.1
15.0,46651,17.8,25.9,3.8,253.1
14.6,50819,15.3,11.6,4.7,253.1
13.5,51868,14.1,14.3,3.4,253.1
12.8,57337,10.8,21.8,3.2,253.1
15.0,50565,17.8,10.5,4.5,253.1
15.6,45566,15.7,12.8,3.7,253.1
10.8,56102,12.0,27.2,3.8,253.1
13.9,58234,9.1,20.7,3.0,253.1
15.2,40397,20.4,7.3,4.5,253.1
16.0,42532,17.7,14.9,4.9,253.1
14.9,42149,15.0,13.1,3.8,253.1
17.0,41960,17.6,11.5,4.3,253.1
16.8,40182,16.0,8.7,3.8,253.1
15.1,41968,15.8,11.0,4.2,253.1
12.0,45512,14.5,25.4,3.6,253.1
15.0,44132,18.4,15.2,5.6,253.1
14.2,54440,14.8,19.5,4.1,253.1
12.4,66006,10.6,18.6,3.1,253.1
10.3,64170,10.4,32.0,2.7,253.1
14.9,35685,21.2,9.4,4.3,253.1
14.2,49707,16.0,14.6,4.3,253.1
14.2,47202,13.9,17.1,3.5,253.1
14.6,47924,21.7,31.1,4.2,253.1
13.6,50704,13.9,12.4,3.1,253.1
14.1,46565,13.9,14.9,5.0,253.1
13.9,46024,16.5,22.8,3.7,253.1
11.5,66171,8.9,26.9,2.8,253.1
12.9,60874,12.0,16.7,4.2,253.1
11.8,49280,18.6,16.8,3.3,253.1
15.6,43688,16.1,14.8,4.9,253.1
15.5,40322,19.8,8.5,4.1,253.1
17.1,38265,16.3,8.5,4.7,253.1
15.3,42475,22.5,14.0,3.9,253.1
12.2,49242,14.9,32.4,3.5,253.1
14.4,38879,21.3,11.2,4.9,253.1
13.3,42351,19.7,21.5,4.2,253.1
15.0,42603,17.3,13.5,3.7,253.1
9.0,115930,3.8,59.0,2.5,253.1
11.0,76507,7.8,30.6,2.8,253.1
13.8,45969,19.8,11.7,3.1,224.8
11.9,84946,10.7,10.4,2.4,224.8
14.5,46653,17.9,16.3,4.4,224.8
17.2,46912,19.9,21.7,5.7,224.8
12.3,61190,10.6,23.4,3.1,224.8
12.4,57210,10.7,23.2,2.8,224.8
14.5,50594,15.7,13.3,3.8,224.8
13.2,59942,10.2,23.5,3.6,224.8
14.7,45051,15.8,17.7,4.4,224.8
15.0,53008,13.4,23.8,3.4,224.8
13.4,61883,12.6,20.4,3.4,224.8
13.5,41180,16.1,19.7,3.3,224.8
14.3,41806,26.7,10.2,5.1,224.8
11.1,54292,13.0,24.5,4.1,224.8
13.4,54210,17.2,27.6,3.3,224.8
14.0,64832,10.1,27.1,2.6,224.8
11.8,66101,10.0,35.0,3.2,224.8
14.7,48460,14.9,18.5,3.7,224.8
13.7,47339,19.1,19.9,4.9,224.8
11.5,74225,10.1,29.7,4.5,224.8
8.9,50113,23.2,40.8,2.8,224.8
14.3,45670,16.0,39.4,3.4,224.8
15.9,44409,16.2,22.7,3.9,224.8
21.2,30116,31.0,17.6,6.5,224.8
13.5,47097,13.2,19.3,3.7,224.8
14.4,53626,14.8,17.1,3.6,224.8
13.1,56696,11.0,25.1,2.9,224.8
14.6,52588,14.1,14.8,3.6,224.8
14.8,52085,14.2,15.0,4.1,224.8
13.6,50330,12.0,19.1,3.4,224.8
18.0,38106,27.9,17.3,6.2,224.8
15.5,43714,18.8,18.6,4.9,224.8
11.3,64799,8.9,30.4,2.8,224.8
15.6,44154,20.4,16.4,5.1,224.8
15.2,45689,17.5,14.8,2.9,224.8
11.3,89513,8.5,21.5,5.4,224.8
14.9,43483,17.4,16.9,4.1,224.8
12.2,42291,21.2,17.3,2.5,224.8
13.5,58356,10.9,18.6,3.2,224.8
17.9,42873,21.9,8.2,4.2,224.8
15.2,44804,14.1,17.1,3.4,224.8
16.0,39484,19.3,15.6,4.0,224.8
9.2,96936,6.4,51.7,3.3,224.8
14.7,39536,17.3,18.4,3.2,224.8
15.1,48258,13.7,18.6,3.3,224.8
11.4,76523,7.1,35.3,3.2,224.8
15.0,52251,16.4,19.8,3.6,224.8
15.0,40987,26.6,11.9,3.6,224.8
12.8,52047,14.8,20.5,3.1,224.8
10.3,48099,15.0,15.7,4.1,224.8
19.2,38304,21.2,15.3,4.3,224.8
12.7,61987,10.1,12.4,3.8,224.8
15.6,49117,15.3,14.1,3.0,224.8
17.4,37911,23.7,12.8,4.5,224.8
22.0,42164,20.3,9.0,3.2,224.8
12.7,50587,12.1,13.6,2.0,224.8
11.6,59838,14.2,30.7,3.7,224.8
16.2,43726,22.9,12.5,4.3,224.8
14.5,44230,17.5,12.2,2.8,224.8
14.8,44410,17.2,21.3,3.4,224.8
9.0,88384,7.3,44.5,3.2,224.8
15.5,49208,18.4,12.8,3.1,224.8
15.3,39627,20.3,16.7,4.2,224.8
20.2,37177,24.6,14.1,3.0,224.8
13.6,40945,18.6,19.8,3.4,224.8
19.6,35156,25.5,9.3,5.3,224.8
14.9,44773,18.7,13.3,3.4,224.8
11.6,60431,12.9,15.6,2.7,224.8
18.7,37812,22.1,20.8,2.8,224.8
11.8,76792,8.8,23.1,3.3,224.8
15.0,43948,20.5,22.8,4.2,224.8
10.5,47087,18.1,29.7,3.1,224.8
16.1,37428,21.7,12.9,3.9,224.8
13.0,53111,13.8,16.7,3.1,224.8
15.0,55776,13.3,18.1,2.8,224.8
15.0,45261,15.5,18.2,3.3,224.8
16.5,39891,21.0,15.9,5.2,224.8
15.8,37648,18.0,16.2,2.9,224.8
11.2,92310,7.9,46.1,4.0,224.8
12.8,48222,15.2,23.6,4.1,224.8
15.6,49317,13.7,13.0,5.8,224.8
14.5,41038,27.5,7.2,2.9,224.8
12.7,56321,15.4,12.4,2.6,224.8
12.7,71959,12.1,30.0,4.6,224.8
12.5,46490,24.6,13.9,3.0,224.8
14.0,61433,9.6,33.8,2.5,224.8
13.0,83330,9.7,23.2,2.0,224.8
15.4,55008,14.4,17.6,3.8,224.8
15.6,49829,16.9,12.3,3.0,224.8
14.4,49121,16.7,13.3,3.9,224.8
12.7,51403,12.3,20.5,3.2,224.8
13.7,50610,15.1,20.8,4.1,224.8
15.5,49498,17.5,14.6,4.1,224.8
11.9,73864,8.5,27.5,3.1,224.8
14.2,42782,18.4,16.5,4.8,224.8
19.9,32597,24.1,14.3,4.3,224.8
15.0,49210,14.7,21.7,3.3,224.8
14.8,57240,11.6,14.3,2.3,224.8
15.4,42469,17.4,14.5,3.6,224.8
11.9,60909,12.4,15.3,5.2,224.8
13.4,60241,16.5,31.0,4.4,224.8
14.2,50131,14.7,19.1,4.4,224.8
11.1,72451,9.5,17.2,1.8,224.8
15.6,40880,23.1,13.4,3.8,224.8
9.4,68180,13.2,37.4,3.0,224.8
12.9,66849,9.6,21.0,2.1,224.8
15.1,43337,19.4,18.2,3.7,224.8
17.2,38785,30.0,18.4,6.6,224.8
14.5,48670,12.6,17.1,3.6,224.8
13.5,46764,19.5,14.0,3.1,224.8
13.1,60917,10.2,26.1,3.7,224.8
13.9,52079,14.6,18.3,3.4,224.8
18.0,39533,26.1,14.1,3.7,224.8
13.5,50423,20.6,12.3,3.3,224.8
17.3,42671,17.8,6.9,4.7,224.8
12.9,53360,13.6,19.3,3.8,224.8
13.1,54351,13.0,13.8,5.0,224.8
13.7,56775,8.1,16.9,3.1,224.8
13.0,48780,17.7,12.6,2.5,224.8
13.6,54088,12.9,16.1,3.3,224.8
15.2,47551,19.2,12.4,6.5,224.8
16.4,51343,13.1,35.1,3.0,224.8
14.3,48121,18.7,19.6,6.3,224.8
19.9,36176,25.2,12.3,5.7,224.8
16.9,41919,21.2,12.7,5.4,224.8
12.0,62635,10.7,18.3,3.4,224.8
13.3,43903,22.0,11.5,4.8,224.8
13.6,48743,21.8,14.4,2.8,224.8
11.8,67434,11.5,20.7,3.5,224.8
11.2,90937,7.5,40.9,2.9,224.8
19.8,42153,14.3,6.8,3.7,224.8
14.1,47625,13.3,23.6,2.4,224.8
14.6,53704,13.9,25.6,3.2,224.8
16.6,42503,17.6,22.1,3.1,224.8
12.0,57925,13.7,18.2,2.8,224.8
18.8,43192,21.1,9.6,4.7,224.8
13.2,42605,25.0,24.8,5.0,224.8
15.1,39726,20.4,19.6,3.6,224.8
14.3,45767,14.4,17.6,3.8,224.8
17.1,42700,20.0,15.9,4.4,224.8
13.5,55151,12.9,20.0,3.7,224.8
13.6,40072,29.6,13.1,2.4,224.8
14.0,51128,13.5,16.7,3.2,224.8
14.3,55834,12.3,15.9,3.1,224.8
16.0,47065,15.6,16.4,5.0,224.8
13.3,52577,15.1,9.5,5.8,224.8
15.7,43226,22.2,14.0,4.7,224.8
13.3,57332,12.0,19.5,2.7,224.8
15.1,48814,18.7,13.2,3.8,224.8
16.0,54019,12.3,25.7,3.7,224.8
11.4,78637,3.3,0.0,3.9,224.8
11.0,50377,17.6,29.1,3.1,224.8
16.2,43436,18.3,18.2,3.2,224.8
15.2,42719,18.5,19.0,3.3,224.8
12.5,48858,18.9,23.7,3.6,224.8
14.4,64633,11.1,23.3,1.9,224.8
12.5,45445,17.9,13.6,4.4,224.8
18.2,38011,21.9,14.9,4.6,224.8
12.4,56484,13.6,20.4,2.4,224.8
15.7,49560,12.7,20.0,3.1,224.8
15.9,48830,18.4,16.7,6.1,224.8
17.7,35594,25.9,12.5,8.1,224.8
13.8,59304,12.3,19.8,3.5,224.8
16.7,35881,21.6,17.8,4.0,224.8
10.2,80189,10.1,27.4,2.1,224.8
15.5,46720,15.6,13.8,5.5,224.8
15.9,47068,14.6,18.2,3.5,224.8
12.7,48529,21.4,11.8,4.4,224.8
13.7,50542,13.8,15.5,3.2,224.8
10.7,77598,9.3,34.7,3.8,224.8
13.7,53785,12.2,14.3,2.7,224.8
15.4,41418,20.2,15.5,6.6,224.8
15.7,41009,17.8,16.7,3.6,224.8
12.9,45357,21.6,24.5,3.9,224.8
15.2,46259,20.0,16.1,3.7,224.8
15.8,43367,22.3,8.9,6.6,224.8
14.8,42522,18.2,15.5,3.3,224.8
14.0,53034,16.2,21.5,4.7,224.8
12.9,49845,10.5,15.2,2.8,224.8
12.0,56590,13.0,22.5,2.6,224.8
12.7,56556,13.4,15.3,5.7,224.8
14.4,46067,15.9,16.5,3.4,224.8
14.4,51192,15.7,15.5,4.2,224.8
11.0,73718,8.3,26.8,3.1,224.8
15.1,50539,13.5,17.7,2.3,224.8
14.7,47008,19.5,9.8,3.6,224.8
15.1,46017,15.0,14.0,5.0,224.8
14.3,41912,19.7,14.8,2.9,224.8
23.8,37738,22.4,20.1,7.0,224.8
14.5,47572,14.5,11.7,3.5,224.8
10.0,69600,8.5,32.0,2.6,224.8
13.8,65273,10.0,10.6,2.5,224.8
18.8,39506,18.1,20.6,5.0,224.8
16.9,42233,18.2,12.6,5.4,224.8
13.7,45341,21.5,10.8,2.1,224.8
17.1,44821,16.3,11.8,4.7,224.8
12.6,67470,7.8,26.3,3.0,224.8
14.7,44917,15.8,16.1,4.1,224.8
9.6,102858,5.1,40.3,3.2,224.8
15.1,42205,16.9,18.3,3.1,224.8
13.8,49788,16.4,14.5,4.1,224.8
17.9,40641,17.6,16.0,7.9,224.8
18.6,38826,22.2,13.3,6.5,224.8
16.0,47028,17.5,10.9,5.0,224.8
14.3,53559,17.3,14.9,6.3,224.8
15.1,43827,16.8,14.4,3.0,224.8
14.2,47317,16.5,16.5,2.9,224.8
13.7,53059,15.8,16.5,3.4,224.8
13.5,57126,13.4,24.9,2.3,224.8
15.9,41961,20.6,14.5,4.3,224.8
13.1,57052,12.1,19.7,2.7,224.8
13.2,56848,15.0,25.8,3.6,224.8
13.8,63929,9.7,23.9,4.2,224.8
19.4,30490,33.2,10.3,10.1,224.8
14.6,43115,19.4,16.6,3.6,224.8
13.2,59064,12.6,15.9,3.3,224.8
15.4,46915,14.6,13.7,3.5,224.8
14.1,54774,14.2,17.7,3.8,224.8
16.2,43084,19.2,12.8,4.3,224.8
12.0,66059,12.1,31.5,3.5,224.8
11.2,48040,16.0,24.5,3.2,224.8
19.5,41413,18.9,15.3,3.4,224.8
16.1,41268,22.4,12.0,4.1,224.8
15.0,42701,14.3,19.0,3.4,224.8
14.5,45604,18.6,15.9,5.0,224.8
12.2,51393,15.5,24.2,3.2,224.8
8.6,76255,12.0,48.6,2.8,224.8
17.0,40486,17.7,12.8,5.1,224.8
13.8,44041,18.2,12.5,6.6,224.8
13.3,48554,15.9,17.0,4.2,224.8
14.7,53867,14.2,9.9,3.4,224.8
16.1,39725,22.9,15.8,4.3,224.8
15.8,44276,18.9,18.6,4.3,224.8
13.6,51152,15.6,17.1,3.5,224.8
14.0,51646,15.4,20.1,3.8,224.8
12.3,43681,26.1,20.6,4.2,224.8
11.9,59807,15.9,19.9,4.3,224.8
14.2,53621,13.9,13.6,2.6,224.8
14.0,54332,13.8,25.0,3.7,224.8
16.6,44919,25.7,18.4,3.8,224.8
15.6,48040,16.8,17.1,3.7,224.8
14.4,48018,14.0,16.6,3.2,224.8
13.2,47477,17.8,23.0,3.4,224.8
15.6,44735,15.3,16.1,4.1,224.8
18.3,33171,35.0,10.1,9.9,224.8
9.6,87817,6.4,41.1,3.1,224.8
12.7,71207,10.9,20.5,3.1,224.8
14.1,56781,14.1,9.5,2.8,224.8
12.3,66387,9.9,17.5,3.4,224.8
15.1,48384,15.3,16.4,4.2,224.8
13.1,61560,12.1,16.3,2.8,224.8
13.8,49301,13.9,19.6,3.2,224.8
20.0,33160,32.1,10.4,5.6,224.8
20.4,30076,32.0,8.6,9.5,224.8
10.4,55940,9.4,20.4,3.5,216.2
9.9,62689,7.3,23.3,3.0,216.2
7.1,60315,12.9,37.8,2.7,216.2
11.9,51394,14.4,16.4,4.5,216.2
11.7,58910,6.5,12.4,4.4,216.2
8.2,84381,5.7,37.5,2.9,216.2
9.9,60767,11.9,14.4,4.6,216.2
11.9,54213,12.5,14.7,4.8,216.2
12.6,51028,11.2,24.4,7.8,216.2
10.7,50750,11.3,27.7,4.8,216.2
9.7,51393,14.4,29.1,3.6,216.2
9.3,65379,8.5,17.1,3.0,216.2
11.8,52355,10.5,27.3,3.2,216.2
11.2,58644,11.3,22.4,3.3,216.2
7.9,98875,4.0,39.5,2.8,216.2
14.9,40387,18.6,18.9,5.4,216.2
10.8,60695,8.9,24.4,3.3,216.2
8.6,73619,9.0,34.5,3.0,216.2
15.4,42982,22.6,18.4,6.2,216.2
10.0,52910,14.8,18.8,3.7,216.2
11.0,54339,12.0,17.1,3.6,216.2
7.8,105374,6.2,55.3,3.0,216.2
9.3,73584,6.8,23.0,3.5,216.2
10.7,63631,11.5,14.7,4.7,216.2
6.6,75296,9.4,40.1,2.8,216.2
8.1,85380,5.3,40.6,3.1,216.2
10.8,57069,9.7,27.7,3.4,216.2
11.3,47175,12.9,25.2,6.0,216.2
9.7,68106,9.4,23.8,3.5,216.2
8.7,68878,8.9,36.7,2.6,367.1
11.3,52510,11.4,35.7,3.1,367.1
10.3,50368,12.5,28.1,3.3,367.1
7.5,74240,10.4,50.7,2.1,367.1
12.7,43671,15.5,15.6,3.6,367.1
9.7,61129,11.1,23.7,2.5,367.1
9.9,67746,8.2,39.2,3.2,367.1
9.4,60230,11.0,37.3,3.5,367.1
10.4,62300,10.2,29.1,2.7,367.1
11.1,48688,12.2,21.6,4.4,367.1
10.2,51723,10.4,30.3,3.1,367.1
8.8,61808,10.8,41.5,2.6,367.1
9.8,54441,12.0,38.6,2.9,367.1
10.3,57438,9.6,36.3,2.3,367.1
16.9,42879,17.3,18.5,3.8,263.2
9.4,80392,8.7,53.5,2.7,263.2
14.3,46538,14.8,15.4,3.8,263.2
13.7,57280,9.9,15.9,3.2,263.2
14.2,50580,13.0,19.2,3.3,263.2
13.4,51131,13.5,19.8,3.6,263.2
6.8,120950,6.3,74.6,2.0,263.2
11.9,60556,9.0,23.5,2.7,263.2
15.5,50564,10.7,14.9,2.5,263.2
12.1,61186,10.4,28.9,3.1,263.2
11.5,47681,14.1,17.4,3.2,263.2
11.0,71874,7.4,28.7,2.7,263.2
16.9,41803,22.5,14.3,4.9,263.2
15.7,32144,27.6,10.6,5.5,263.2
15.2,45889,20.2,11.3,4.4,263.2
13.0,51525,11.3,22.5,3.3,263.2
12.3,67335,9.7,20.1,3.5,263.2
13.8,41517,15.7,13.1,3.6,263.2
17.7,56872,12.3,13.3,3.9,263.2
17.0,41382,19.3,10.2,3.7,263.2
11.2,80734,7.6,39.9,2.9,263.2
11.8,84021,6.5,32.2,2.9,263.2
11.6,50858,11.9,18.5,3.5,263.2
11.7,72111,8.7,24.7,2.8,263.2
15.5,46300,15.7,17.5,3.3,263.2
15.3,35047,25.2,10.0,5.2,263.2
14.1,57257,12.5,17.2,3.5,263.2
15.6,50785,13.7,16.5,3.9,263.2
8.4,122035,6.1,61.1,2.4,263.2
9.9,93462,6.1,35.9,2.6,263.2
12.6,48315,12.3,22.3,2.7,263.2
10.7,73463,6.9,34.5,2.5,263.2
13.9,53522,15.3,20.5,3.1,263.2
10.4,77684,7.0,28.1,2.6,263.2
12.0,50591,12.4,18.2,3.3,263.2
11.6,70938,9.1,22.8,2.7,263.2
11.6,89331,6.7,39.2,3.0,263.2
14.6,37550,18.4,12.5,3.1,263.2
11.6,67498,8.1,27.8,2.5,263.2
16.7,43533,26.7,9.0,3.7,263.2
16.0,43096,14.5,15.9,4.1,263.2
9.8,91028,5.2,39.2,2.6,263.2
11.1,68581,9.0,42.9,3.0,263.2
16.9,36471,20.0,12.8,3.7,263.2
15.3,45089,12.7,23.1,2.7,263.2
12.5,72993,9.2,28.2,3.0,263.2
11.4,86541,7.0,49.6,2.9,263.2
15.6,51124,12.2,19.8,3.0,263.2
10.0,86619,6.8,34.6,2.9,263.2
11.5,68724,7.3,20.4,2.9,263.2
16.0,52814,12.3,30.9,4.3,263.2
14.9,34796,24.8,11.4,4.1,263.2
7.5,140382,3.6,60.8,2.5,263.2
13.4,63714,11.3,23.4,2.7,263.2
17.3,41421,18.2,10.6,3.2,263.2
13.8,60450,10.1,24.2,2.4,263.2
13.5,61764,9.3,28.0,3.0,263.2
17.0,44832,18.7,18.4,4.1,263.2
14.6,54871,12.7,21.8,2.6,263.2
8.4,52538,24.1,45.8,2.9,263.2
13.9,56690,12.3,32.1,3.1,263.2
10.9,90858,5.2,28.4,2.7,263.2
17.1,43157,18.8,21.6,5.4,263.2
15.8,55418,14.8,28.5,4.4,263.2
16.2,46368,22.4,12.7,3.1,263.2
12.2,63681,9.4,24.3,3.0,263.2
13.6,49073,13.9,13.9,4.2,263.2
15.2,42862,15.5,13.9,3.9,263.2
14.7,44710,16.4,13.9,3.6,263.2
10.5,88475,6.9,28.8,2.7,263.2
11.7,48450,20.0,28.1,3.8,263.2
11.1,68133,8.9,24.0,3.6,263.2
10.0,106200,6.4,40.1,2.7,263.2
12.6,50834,14.6,19.4,3.5,263.2
12.3,71035,8.7,32.9,2.7,263.2
14.8,49399,15.9,15.7,3.1,263.2
11.4,68734,6.7,34.8,2.7,263.2
13.7,53413,12.0,26.5,3.0,263.2
11.2,61375,8.7,25.9,2.6,263.2
14.0,38966,21.5,13.5,4.3,263.2
14.6,40161,18.5,14.4,3.2,263.2
12.3,55283,10.4,20.1,2.8,263.2
13.7,40972,20.4,14.3,4.0,263.2
15.2,52741,14.7,17.8,2.8,263.2
10.6,86695,7.5,31.5,3.0,263.2
9.0,108421,5.4,39.8,3.0,263.2
16.6,54663,12.9,17.6,3.5,263.2
15.7,43031,22.9,12.6,4.9,263.2
13.5,42074,18.2,15.3,4.4,263.2
10.9,65635,10.3,21.1,3.1,263.2
12.4,45510,15.2,22.5,3.4,263.2
14.9,51414,16.4,20.3,3.6,263.2
14.0,38045,25.4,14.5,5.0,263.2
12.9,46345,15.4,18.5,3.7,263.2
9.9,86317,5.5,45.4,2.8,263.2
8.3,99425,10.1,62.1,2.2,263.2
13.6,36903,20.5,24.1,3.7,263.2
13.3,43390,15.2,15.9,3.1,263.2
9.1,56997,23.1,52.6,2.5,263.2
10.5,78846,8.5,32.5,3.0,263.2
12.1,56800,10.0,23.2,3.3,263.2
13.6,40504,15.4,15.3,4.6,263.2
17.3,36015,25.6,18.4,5.1,263.2
20.3,36908,20.7,13.4,4.7,263.2
9.5,105532,7.6,58.7,2.3,263.2
7.4,137551,3.6,78.5,2.1,263.2
17.0,37327,18.3,21.1,4.4,263.2
8.8,58448,14.5,42.1,3.5,263.2
15.5,36571,21.7,12.4,3.5,263.2
13.3,54763,15.4,26.8,4.0,263.2
8.5,42640,28.0,36.0,3.5,263.2
14.7,42568,19.7,13.5,4.8,263.2
8.2,48726,23.8,39.5,4.7,263.2
9.9,43200,20.8,34.8,4.0,263.2
10.7,79141,8.4,29.7,2.7,263.2
10.5,77032,7.0,29.2,2.7,263.2
16.9,33892,24.7,21.3,4.6,263.2
12.3,50283,15.2,25.5,3.6,263.2
10.8,48519,19.7,28.0,3.6,263.2
13.2,34442,20.8,16.9,3.9,263.2
19.2,37049,24.1,18.0,6.1,263.2
9.6,96057,5.1,42.8,2.7,263.2
14.0,47343,19.2,21.3,4.1,263.2
7.8,39254,30.4,39.1,3.7,263.2
12.1,48747,22.3,38.5,3.5,263.2
13.7,42715,20.2,23.8,3.2,263.2
10.4,57274,9.7,29.1,2.9,263.2
11.6,47319,12.3,34.0,2.9,263.2
12.7,69753,10.9,28.1,3.2,263.2
10.1,76520,7.5,35.2,2.9,263.2
12.6,47117,15.1,25.0,3.2,263.2
8.9,52845,23.0,56.7,4.0,263.2
11.1,51456,15.3,33.9,2.9,263.2
12.8,52012,15.6,13.6,5.4,278.8
12.7,49776,14.0,20.5,4.4,278.8
10.0,69212,9.8,30.0,5.2,278.8
11.2,57243,10.9,26.7,4.5,278.8
13.4,57183,13.3,26.1,6.4,278.8
9.6,73971,8.8,29.8,4.8,278.8
13.0,53700,13.3,24.9,5.6,278.8
12.3,58624,12.2,16.6,5.9,278.8
11.4,65912,10.4,19.2,5.3,278.8
15.2,40468,17.8,18.2,11.7,278.8
10.7,60483,13.4,17.3,6.1,278.8
11.9,50185,13.8,25.2,5.8,278.8
11.2,53688,12.7,17.6,6.2,278.8
12.5,48763,17.3,15.8,6.7,278.8
10.3,65987,7.5,33.0,5.2,278.8
12.1,55893,12.7,41.8,5.8,278.8
8.5,94822,9.2,51.4,3.5,278.8
10.1,76530,9.1,32.2,4.6,278.8
8.7,55624,15.8,34.8,5.3,278.8
12.7,56503,12.7,28.9,5.7,278.8
12.5,57019,12.5,16.8,6.3,278.8
12.1,53326,12.5,23.6,4.9,278.8
12.8,58239,13.7,18.0,6.3,278.8
14.3,48345,17.0,19.0,6.4,278.8
14.5,46365,15.4,18.0,6.9,278.8
13.3,49750,15.0,20.2,7.2,278.8
10.8,75022,8.7,26.4,5.2,278.8
11.5,62249,10.2,48.6,3.9,278.8
10.6,70955,9.7,26.3,5.2,278.8
11.8,64344,11.7,23.8,5.6,278.8
9.7,87096,7.5,31.9,3.8,278.8
9.8,59408,13.0,30.4,5.2,278.8
12.3,51183,13.5,18.5,7.1,278.8
9.8,72400,8.7,35.7,4.8,278.8
13.4,55692,10.9,19.0,6.5,278.8
10.4,57329,13.3,28.6,4.7,278.8
9.3,62262,14.9,33.9,4.7,278.8
6.9,45389,25.4,49.5,4.3,278.8
13.0,51377,16.5,16.0,6.3,278.8
15.8,39776,20.0,16.6,6.0,263.4
12.5,59619,11.5,21.0,4.1,263.4
17.9,38110,22.5,8.4,6.1,263.4
16.8,39292,21.6,15.1,7.0,263.4
15.0,48342,13.7,19.4,6.1,263.4
13.8,39790,19.3,25.7,4.7,263.4
18.1,36384,22.8,11.0,10.4,263.4
17.8,35983,25.1,9.5,8.4,263.4
14.3,44725,19.0,15.7,4.0,263.4
17.1,37867,22.5,15.2,6.4,263.4
13.9,38173,24.8,14.4,6.3,263.4
17.0,42146,14.9,14.4,5.7,263.4
16.4,37665,15.8,19.9,5.1,263.4
16.0,44442,20.0,12.2,4.2,263.4
15.3,47299,13.2,18.5,5.9,263.4
15.6,43573,12.9,14.5,5.5,263.4
14.0,47942,16.7,22.5,4.5,263.4
15.1,48731,16.7,17.1,4.0,263.4
12.6,75027,9.7,30.8,3.3,263.4
14.7,41926,17.1,24.9,5.2,263.4
15.6,40691,17.3,13.3,5.7,263.4
16.7,39766,23.3,8.7,6.9,263.4
17.6,34894,24.6,10.0,7.0,263.4
21.3,27292,35.4,5.4,9.4,263.4
14.6,46244,16.6,23.4,5.7,263.4
15.0,50064,13.9,18.5,5.8,263.4
15.8,43050,16.9,12.4,7.0,263.4
16.9,37860,22.7,20.0,6.3,263.4
14.6,48578,14.5,14.7,5.5,263.4
18.4,32917,27.0,9.5,7.6,263.4
10.0,51070,18.3,41.3,4.1,263.4
16.7,38171,14.9,13.8,4.8,263.4
14.8,49487,10.8,17.3,4.3,263.4
15.6,38572,19.0,15.2,6.4,263.4
13.1,48689,12.5,30.8,4.6,263.4
18.0,40415,14.6,14.2,3.8,263.4
14.7,50768,13.6,12.9,6.4,263.4
17.2,39467,17.5,16.3,6.2,263.4
15.2,47101,16.2,15.4,5.2,263.4
12.6,61995,10.0,26.7,4.9,263.4
16.0,41298,20.7,18.3,5.3,263.4
15.7,40064,19.4,16.3,5.5,263.4
16.4,43717,17.2,10.5,5.3,263.4
17.6,36658,22.1,12.4,7.9,263.4
17.9,34768,26.9,13.9,6.1,263.4
15.3,46370,16.1,17.2,4.8,263.4
16.0,48070,13.5,17.5,5.5,263.4
15.6,46054,15.5,13.9,7.4,263.4
15.2,41213,19.0,16.8,5.7,263.4
16.5,38704,20.9,15.1,6.0,263.4
18.3,34054,23.0,9.3,6.3,263.4
17.0,44685,18.3,12.7,7.2,263.4
17.2,44837,18.7,9.7,7.0,263.4
15.4,45278,15.0,21.8,5.5,263.4
16.9,35460,24.1,9.5,7.1,263.4
14.0,43000,15.3,12.4,4.7,264.9
11.7,44627,15.8,21.1,4.3,264.9
11.3,50344,12.3,19.9,3.4,264.9
12.3,53637,14.2,30.5,4.9,264.9
9.1,62097,8.6,29.6,2.7,264.9
11.0,59087,8.8,17.9,3.4,264.9
12.8,55295,10.7,20.0,4.6,264.9
8.5,72645,5.3,28.7,2.6,264.9
9.8,59528,11.3,20.1,3.3,264.9
11.1,55245,11.9,11.5,2.9,264.9
9.5,65435,7.6,23.2,2.7,264.9
11.4,49200,12.9,17.8,3.7,264.9
6.9,71789,10.8,50.7,2.2,264.9
10.0,63608,8.9,16.5,2.6,264.9
11.3,61221,8.4,32.1,3.6,264.9
10.0,50637,11.7,24.0,4.0,264.9
8.5,57506,12.5,28.0,3.1,264.9
8.3,60111,12.9,31.8,2.6,264.9
12.3,53188,11.9,18.3,3.9,264.9
9.7,59428,9.5,22.7,2.6,264.9
12.6,45156,14.7,15.6,4.8,264.9
9.1,57328,14.0,23.0,2.8,264.9
9.6,63160,7.7,23.0,2.6,264.9
11.2,55512,11.0,19.3,3.3,264.9
9.8,68017,8.2,24.3,2.6,264.9
13.3,44130,13.2,20.0,5.8,264.9
11.4,52919,12.0,14.4,3.1,264.9
9.2,65831,8.1,24.8,2.9,264.9
11.6,52891,13.4,13.6,3.1,264.9
9.5,65013,12.0,25.7,3.5,264.9
10.1,63612,7.3,19.1,2.9,264.9
8.1,60619,10.9,34.3,2.6,264.9
10.6,60711,11.3,18.9,2.3,264.9
12.0,51334,12.7,16.5,4.0,264.9
10.7,56645,10.6,18.3,3.2,264.9
10.4,56466,10.4,19.9,3.1,264.9
9.2,63442,7.5,25.6,2.7,264.9
11.8,50670,12.0,15.0,4.0,264.9
12.2,46964,10.8,14.2,3.5,264.9
17.5,40682,26.5,17.2,5.7,264.9
11.0,49771,19.1,30.5,3.6,264.9
10.1,58391,13.2,19.9,2.7,264.9
10.7,59983,9.2,16.0,3.3,264.9
10.9,53805,9.4,27.1,3.6,264.9
8.7,65993,7.2,28.9,2.8,264.9
8.4,83014,4.2,48.4,2.5,264.9
11.1,56348,10.3,19.2,3.3,264.9
8.0,75421,8.5,28.2,3.2,264.9
10.7,59990,9.6,20.4,3.7,264.9
8.6,59032,11.3,32.0,3.0,264.9
12.3,47032,12.4,16.9,3.7,264.9
10.6,60349,12.6,24.7,3.6,264.9
11.6,53050,14.3,18.9,2.7,264.9
10.4,57675,10.9,21.8,3.2,264.9
12.7,48448,14.3,15.8,4.0,264.9
7.8,82575,4.7,33.7,3.0,264.9
9.9,57256,8.6,23.8,2.6,264.9
13.6,46490,14.5,23.2,4.3,264.9
11.5,56022,9.6,16.1,3.0,264.9
9.4,61906,7.5,23.9,2.5,264.9
11.0,56981,10.3,14.7,3.1,264.9
10.1,56978,8.0,19.4,2.9,264.9
11.3,51692,13.6,21.8,2.9,264.9
13.0,47198,10.9,27.1,3.9,264.9
9.3,64234,10.1,28.3,2.9,264.9
12.1,50482,12.5,22.3,3.9,264.9
8.8,75799,4.5,30.7,2.5,264.9
8.4,87333,5.0,43.8,2.7,264.9
10.4,58648,10.4,19.1,3.0,264.9
12.1,52340,10.9,15.7,3.5,264.9
8.9,57785,10.4,27.3,2.7,264.9
10.4,55879,10.1,21.6,3.5,264.9
7.4,47561,20.4,49.9,3.3,207.9
11.7,55195,13.0,18.8,4.7,207.9
8.4,78112,9.2,19.2,4.1,207.9
10.7,61773,13.4,20.3,3.8,207.9
9.9,68162,9.5,17.2,3.7,207.9
10.1,64053,8.2,22.4,3.2,207.9
11.9,51204,15.7,23.5,5.2,207.9
10.7,51676,12.9,24.5,3.3,207.9
12.2,49356,13.5,23.1,3.7,207.9
10.8,57676,10.3,28.8,4.0,207.9
10.1,63839,9.1,28.7,3.9,207.9
10.1,69598,7.9,22.6,3.8,207.9
9.8,64714,9.9,22.7,4.6,207.9
12.0,51036,13.6,16.6,2.8,207.9
9.6,58873,10.2,32.1,4.4,207.9
11.5,54165,10.6,21.7,3.8,207.9
9.1,58307,8.7,30.0,4.0,207.9
9.7,74570,6.8,25.2,4.2,207.9
8.9,73315,8.4,22.0,4.2,207.9
7.2,99087,6.3,57.4,3.0,207.9
10.4,63401,10.0,15.4,4.4,207.9
11.3,55190,11.9,21.5,4.2,207.9
11.7,54319,11.8,19.2,3.5,207.9
